院校名称,院校代码,所在地区,院校主管部门,院校层次,院校满意度
北京大学,10001,北京,教育部,本科,4.7
中国人民大学,10002,北京,教育部,本科,4.6
清华大学,10003,北京,教育部,本科,4.7
北京交通大学,10004,北京,教育部,本科,4.4
北京工业大学,10005,北京,北京市教育委员会,本科,4.3
北京航空航天大学,10006,北京,工业和信息化部,本科,4.3
北京理工大学,10007,北京,工业和信息化部,本科,4.4
北京科技大学,10008,北京,教育部,本科,4.5
北方工业大学,10009,北京,北京市教育委员会,本科,4.5
北京化工大学,10010,北京,教育部,本科,4.0
北京工商大学,10011,北京,北京市教育委员会,本科,4.2
北京服装学院,10012,北京,北京市教育委员会,本科,4.1
北京邮电大学,10013,北京,教育部,本科,4.2
北京印刷学院,10015,北京,北京市教育委员会,本科,4.2
北京建筑大学,10016,北京,北京市教育委员会,本科,4.1
北京石油化工学院,10017,北京,北京市教育委员会,本科,3.7
北京电子科技学院,10018,北京,中共中央办公厅,本科,4.4
中国农业大学,10019,北京,教育部,本科,4.6
北京农学院,10020,北京,北京市教育委员会,本科,3.9
北京林业大学,10022,北京,教育部,本科,4.3
北京协和医学院,10023,北京,国家卫生健康委员会,本科,N/A
首都医科大学,10025,北京,北京市教育委员会,本科,3.8
北京中医药大学,10026,北京,教育部,本科,3.6
北京师范大学,10027,北京,教育部,本科,4.4
首都师范大学,10028,北京,北京市教育委员会,本科,4.0
首都体育学院,10029,北京,北京市教育委员会,本科,4.2
北京外国语大学,10030,北京,教育部,本科,4.0
北京第二外国语学院,10031,北京,北京市教育委员会,本科,4.2
北京语言大学,10032,北京,教育部,本科,4.0
中国传媒大学,10033,北京,教育部,本科,4.4
中央财经大学,10034,北京,教育部,本科,4.1
对外经济贸易大学,10036,北京,教育部,本科,4.6
北京物资学院,10037,北京,北京市教育委员会,本科,4.0
首都经济贸易大学,10038,北京,北京市教育委员会,本科,4.1
中国消防救援学院,10039,北京,应急管理部,本科,N/A
外交学院,10040,北京,外交部,本科,3.6
中国人民公安大学,10041,北京,公安部,本科,4.3
国际关系学院,10042,北京,教育部,本科,4.1
北京体育大学,10043,北京,国家体育总局,本科,4.0
中央音乐学院,10045,北京,教育部,本科,N/A
中国音乐学院,10046,北京,北京市教育委员会,本科,N/A
中央美术学院,10047,北京,教育部,本科,4.4
中央戏剧学院,10048,北京,教育部,本科,4.7
中国戏曲学院,10049,北京,北京市教育委员会,本科,4.3
北京电影学院,10050,北京,北京市教育委员会,本科,4.4
北京舞蹈学院,10051,北京,北京市教育委员会,本科,4.6
中央民族大学,10052,北京,国家民族事务委员会,本科,4.2
中国政法大学,10053,北京,教育部,本科,4.3
华北电力大学(北京),10054,北京,教育部,本科,4.3
北京工业职业技术学院,10853,北京,北京市教育委员会,高职(专科),4.1
北京信息职业技术学院,10857,北京,北京市教育委员会,高职(专科),3.5
北京电子科技职业学院,10858,北京,北京市教育委员会,高职(专科),3.5
北京京北职业技术学院,11090,北京,北京市教育委员会,高职(专科),3.4
中华女子学院,11149,北京,中华全国妇女联合会,本科,4.2
北京信息科技大学,11232,北京,北京市教育委员会,本科,3.8
中国矿业大学(北京),11413,北京,教育部,本科,4.2
中国石油大学(北京),11414,北京,教育部,本科,4.2
中国地质大学(北京),11415,北京,教育部,本科,4.2
北京联合大学,11417,北京,北京市教育委员会,本科,3.6
北京城市学院,11418,北京,北京市教育委员会,本科,3.8
北京青年政治学院,11626,北京,北京市教育委员会,高职(专科),4.0
首钢工学院,11831,北京,北京市教育委员会,本科,3.4
北京农业职业学院,12448,北京,北京市教育委员会,高职(专科),4.3
北京政法职业学院,12451,北京,北京市教育委员会,高职(专科),3.3
中国劳动关系学院,12453,北京,中华全国总工会,本科,4.1
北京财贸职业学院,12561,北京,北京市教育委员会,高职(专科),4.1
北京北大方正软件职业技术学院,12564,北京,北京市教育委员会,高职(专科),3.3
北京经贸职业学院,12565,北京,北京市教育委员会,高职(专科),3.3
北京经济技术职业学院,12566,北京,北京市教育委员会,高职(专科),3.2
北京戏曲艺术职业学院,12567,北京,北京市教育委员会,高职(专科),N/A
北京汇佳职业学院,12568,北京,北京市教育委员会,高职(专科),3.4
北京科技经营管理学院,12733,北京,北京市教育委员会,高职(专科),3.0
首都师范大学科德学院,13629,北京,北京市教育委员会,本科,3.4
北京金融科技学院,13630,北京,北京市教育委员会,本科,3.6
北京科技职业学院,13703,北京,北京市教育委员会,高职(专科),3.2
北京培黎职业学院,13728,北京,北京市教育委员会,高职(专科),3.7
北京邮电大学世纪学院,13901,北京,北京市教育委员会,本科,3.6
北京工业大学耿丹学院,13904,北京,北京市教育委员会,本科,4.1
北京交通职业技术学院,13910,北京,北京市教育委员会,高职(专科),3.6
北京警察学院,14019,北京,北京市教育委员会,本科,N/A
北京经济管理职业学院,14073,北京,北京市教育委员会,高职(专科),3.6
北京劳动保障职业学院,14075,北京,北京市教育委员会,高职(专科),4.1
民政职业大学,14139,北京,民政部,本科,4.0
北京艺术传媒职业学院,14140,北京,北京市教育委员会,高职(专科),N/A
北京第二外国语学院中瑞酒店管理学院,14201,北京,北京市教育委员会,本科,4.2
北京体育职业学院,14215,北京,北京市教育委员会,高职(专科),N/A
北京交通运输职业学院,14279,北京,北京市教育委员会,高职(专科),3.3
北京卫生职业学院,14395,北京,北京市教育委员会,高职(专科),N/A
中国科学院大学,14430,北京,中国科学院,本科,4.4
北京网络职业学院,14588,北京,北京市教育委员会,高职(专科),N/A
中国社会科学院大学,14596,北京,中国社会科学院,本科,4.0
北京大学医学部,19001,北京,教育部,本科,N/A
北京邮电大学(宏福校区),19013,北京,教育部,本科,N/A
陆军装甲兵学院,91006,北京,中央军委训练管理部,本科,N/A
陆军防化学院,91011,北京,中央军委训练管理部,本科,N/A
战略支援部队航天工程大学,91036,北京,中央军委训练管理部,本科,N/A
武警特种警察学院,91041,北京,中央军委训练管理部,本科,N/A
南开大学,10055,天津,教育部,本科,4.6
天津大学,10056,天津,教育部,本科,4.5
天津科技大学,10057,天津,天津市教育委员会,本科,4.0
天津工业大学,10058,天津,天津市教育委员会,本科,4.4
中国民航大学,10059,天津,中国民用航空局,本科,4.0
天津理工大学,10060,天津,天津市教育委员会,本科,4.0
天津农学院,10061,天津,天津市教育委员会,本科,3.7
天津医科大学,10062,天津,天津市教育委员会,本科,4.0
天津中医药大学,10063,天津,天津市教育委员会,本科,3.5
天津师范大学,10065,天津,天津市教育委员会,本科,4.0
天津职业技术师范大学,10066,天津,天津市教育委员会,本科,3.8
天津外国语大学,10068,天津,天津市教育委员会,本科,3.6
天津商业大学,10069,天津,天津市教育委员会,本科,4.0
天津财经大学,10070,天津,天津市教育委员会,本科,4.0
天津体育学院,10071,天津,天津市教育委员会,本科,4.3
天津音乐学院,10072,天津,天津市教育委员会,本科,4.4
天津美术学院,10073,天津,天津市教育委员会,本科,3.6
河北工业大学,10080,天津,河北省教育厅,本科,4.2
天津城建大学,10792,天津,天津市教育委员会,本科,4.0
天津天狮学院,10859,天津,天津市教育委员会,本科,3.8
天津市职业大学,11032,天津,天津市教育委员会,高职(专科),4.1
天津医学高等专科学校,11908,天津,天津市教育委员会,高职(专科),3.9
天津中德应用技术大学,12105,天津,天津市教育委员会,本科,4.0
天津滨海职业学院,12484,天津,天津市教育委员会,高职(专科),3.8
天津渤海职业技术学院,12719,天津,天津市教育委员会,高职(专科),3.5
天津电子信息职业技术学院,12720,天津,天津市教育委员会,高职(专科),3.8
天津机电职业技术学院,12721,天津,天津市教育委员会,高职(专科),3.6
天津现代职业技术学院,12722,天津,天津市教育委员会,高职(专科),4.0
天津公安警官职业学院,12723,天津,天津市教育委员会,高职(专科),2.7
天津轻工职业技术学院,12732,天津,天津市教育委员会,高职(专科),3.9
天津商务职业学院,12788,天津,天津市教育委员会,高职(专科),4.0
天津国土资源和房屋职业学院,12803,天津,天津市教育委员会,高职(专科),3.8
天津艺术职业学院,12882,天津,天津市教育委员会,高职(专科),3.1
天津交通职业学院,12883,天津,天津市教育委员会,高职(专科),3.8
天津外国语大学滨海外事学院,13658,天津,天津市教育委员会,本科,3.3
天津传媒学院,13659,天津,天津市教育委员会,本科,3.6
天津商业大学宝德学院,13660,天津,天津市教育委员会,本科,3.9
天津医科大学临床医学院,13661,天津,天津市教育委员会,本科,3.3
天津工业职业学院,13700,天津,天津市教育委员会,高职(专科),4.1
天津石油职业技术学院,13701,天津,天津市教育委员会,高职(专科),3.2
天津城市职业学院,13702,天津,天津市教育委员会,高职(专科),3.2
天津铁道职业技术学院,13863,天津,天津市教育委员会,高职(专科),3.7
天津理工大学中环信息学院,13897,天津,天津市教育委员会,本科,2.5
北京科技大学天津学院,13898,天津,天津市教育委员会,本科,3.9
天津工艺美术职业学院,13911,天津,天津市教育委员会,高职(专科),N/A
天津城市建设管理职业技术学院,14020,天津,天津市教育委员会,高职(专科),4.0
天津生物工程职业技术学院,14021,天津,天津市教育委员会,高职(专科),3.1
天津海运职业学院,14022,天津,天津市教育委员会,高职(专科),3.4
天津仁爱学院,14038,天津,天津市教育委员会,本科,4.0
天津财经大学珠江学院,14087,天津,天津市教育委员会,本科,3.3
天津体育职业学院,14599,天津,天津市教育委员会,高职(专科),N/A
天津滨海汽车工程职业学院,14600,天津,天津市教育委员会,高职(专科),3.7
陆军军事交通学院,91013,天津,中央军委训练管理部,本科,N/A
河北大学,10075,河北,河北省教育厅,本科,4.2
河北工程大学,10076,河北,河北省教育厅,本科,4.2
河北地质大学,10077,河北,河北省教育厅,本科,4.2
华北电力大学(保定),10079,河北,教育部,本科,4.5
华北理工大学,10081,河北,河北省教育厅,本科,4.1
河北科技大学,10082,河北,河北省教育厅,本科,4.3
河北建筑工程学院,10084,河北,河北省教育厅,本科,4.2
河北水利电力学院,10085,河北,河北省教育厅,本科,4.4
河北农业大学,10086,河北,河北省教育厅,本科,4.4
河北医科大学,10089,河北,河北省教育厅,本科,3.9
河北北方学院,10092,河北,河北省教育厅,本科,4.0
承德医学院,10093,河北,河北省教育厅,本科,4.3
河北师范大学,10094,河北,河北省教育厅,本科,4.3
保定学院,10096,河北,河北省教育厅,本科,4.2
河北民族师范学院,10098,河北,河北省教育厅,本科,4.3
唐山师范学院,10099,河北,河北省教育厅,本科,4.0
廊坊师范学院,10100,河北,河北省教育厅,本科,3.8
衡水学院,10101,河北,河北省教育厅,本科,3.9
石家庄学院,10102,河北,河北省教育厅,本科,4.0
邯郸学院,10103,河北,河北省教育厅,本科,4.0
邢台学院,10104,河北,河北省教育厅,本科,4.1
沧州师范学院,10105,河北,河北省教育厅,本科,4.1
石家庄铁道大学,10107,河北,河北省教育厅,本科,4.3
燕山大学,10216,河北,河北省教育厅,本科,4.3
河北科技师范学院,10798,河北,河北省教育厅,本科,3.9
唐山学院,11033,河北,河北省教育厅,本科,4.1
邯郸职业技术学院,11034,河北,河北省教育厅,高职(专科),4.2
华北科技学院,11104,河北,应急管理部,本科,4.3
中国人民警察大学,11105,河北,公安部,本科,3.3
河北体育学院,11236,河北,河北省教育厅,本科,4.3
石家庄职业技术学院,11238,河北,河北省教育厅,高职(专科),4.5
河北金融学院,11420,河北,河北省教育厅,本科,4.3
张家口职业技术学院,11423,河北,河北省教育厅,高职(专科),4.0
北华航天工业学院,11629,河北,河北省教育厅,本科,4.3
防灾科技学院,11775,河北,中国地震局,本科,4.2
河北经贸大学,11832,河北,河北省教育厅,本科,4.3
中央司法警官学院,11903,河北,司法部,本科,4.2
邢台医学院,11964,河北,河北省教育厅,本科,4.1
河北软件职业技术学院,12352,河北,河北省教育厅,高职(专科),3.7
河北建材职业技术学院,12389,河北,河北省教育厅,高职(专科),4.2
河北政法职业学院,12408,河北,河北省教育厅,高职(专科),4.5
沧州职业技术学院,12415,河北,河北省教育厅,高职(专科),3.8
河北能源职业技术学院,12418,河北,河北省教育厅,高职(专科),4.5
石家庄铁路职业技术学院,12424,河北,河北省教育厅,高职(专科),4.0
保定职业技术学院,12543,河北,河北省教育厅,高职(专科),4.1
秦皇岛职业技术学院,12773,河北,河北省教育厅,高职(专科),4.2
石家庄工程职业学院,12782,河北,河北省教育厅,高职(专科),3.4
石家庄城市经济职业学院,12783,河北,河北省教育厅,高职(专科),2.7
河北传媒学院,12784,河北,河北省教育厅,本科,4.2
唐山职业技术学院,12785,河北,河北省教育厅,高职(专科),3.8
衡水职业技术学院,12786,河北,河北省教育厅,高职(专科),3.6
唐山工业职业技术大学,12787,河北,河北省教育厅,本科,4.3
河北工程技术学院,12796,河北,河北省教育厅,本科,3.9
河北艺术职业学院,12885,河北,河北省教育厅,高职(专科),3.8
河北旅游职业学院,12887,河北,河北省教育厅,高职(专科),4.1
石家庄财经职业学院,13070,河北,河北省教育厅,高职(专科),3.9
河北交通职业技术学院,13071,河北,河北省教育厅,高职(专科),4.0
河北化工医药职业技术学院,13072,河北,河北省教育厅,高职(专科),4.2
石家庄信息工程职业学院,13073,河北,河北省教育厅,高职(专科),4.1
河北对外经贸职业学院,13074,河北,河北省教育厅,高职(专科),3.9
河北美术学院,13075,河北,河北省教育厅,本科,3.7
河北科技学院,13391,河北,河北省教育厅,本科,2.7
保定电力职业技术学院,13392,河北,河北省教育厅,高职(专科),4.2
河北机电职业技术学院,13393,河北,河北省教育厅,高职(专科),4.0
廊坊职业技术学院,13395,河北,河北省教育厅,高职(专科),3.6
唐山科技职业技术学院,13396,河北,河北省教育厅,高职(专科),3.6
石家庄邮电职业技术学院,13397,河北,河北省教育厅,高职(专科),4.2
河北公安警察职业学院,13398,河北,河北省教育厅,高职(专科),4.1
石家庄工商职业学院,13399,河北,河北省教育厅,高职(专科),3.9
石家庄理工职业学院,13400,河北,河北省教育厅,高职(专科),3.6
河北外国语学院,13402,河北,河北省教育厅,本科,N/A
石家庄科技信息职业学院,13403,河北,河北省教育厅,高职(专科),N/A
华北理工大学轻工学院,13408,河北,河北省教育厅,本科,3.5
河北师范大学汇华学院,13411,河北,河北省教育厅,本科,4.2
河北经贸大学经济管理学院,13414,河北,河北省教育厅,本科,4.3
河北医科大学临床学院,13415,河北,河北省教育厅,本科,4.1
河北工程大学科信学院,13578,河北,河北省教育厅,本科,4.0
燕山大学里仁学院,13592,河北,河北省教育厅,本科,4.6
石家庄铁道大学四方学院,13593,河北,河北省教育厅,本科,3.8
河北地质大学华信学院,13594,河北,河北省教育厅,本科,3.7
河北农业大学现代科技学院,13595,河北,河北省教育厅,本科,4.4
华北理工大学冀唐学院,13596,河北,河北省教育厅,本科,4.2
河北司法警官职业学院,13690,河北,河北省教育厅,高职(专科),3.8
沧州医学高等专科学校,13779,河北,河北省教育厅,高职(专科),4.3
河北女子职业技术学院,13822,河北,河北省教育厅,高职(专科),3.8
保定理工学院,13891,河北,河北省教育厅,本科,2.6
燕京理工学院,13895,河北,河北省教育厅,本科,3.8
北京中医药大学东方学院,13899,河北,河北省教育厅,本科,2.8
石家庄医学高等专科学校,14018,河北,河北省教育厅,高职(专科),3.3
石家庄经济职业学院,14047,河北,河北省教育厅,高职(专科),N/A
冀中职业学院,14103,河北,河北省教育厅,高职(专科),3.6
石家庄人民医学高等专科学校,14158,河北,河北省教育厅,高职(专科),3.4
河北正定师范高等专科学校,14185,河北,河北省教育厅,高职(专科),4.7
沧州交通学院,14202,河北,河北省教育厅,本科,4.4
河北劳动关系职业学院,14208,河北,河北省教育厅,高职(专科),3.7
石家庄科技职业学院,14213,河北,河北省教育厅,高职(专科),2.2
河北东方学院,14225,河北,河北省教育厅,本科,3.0
沧州幼儿师范高等专科学校,14259,河北,河北省教育厅,高职(专科),3.4
宣化科技职业学院,14260,河北,河北省教育厅,高职(专科),3.4
廊坊燕京职业技术学院,14280,河北,河北省教育厅,高职(专科),4.3
承德护理职业学院,14281,河北,河北省教育厅,高职(专科),3.5
石家庄幼儿师范高等专科学校,14328,河北,河北省教育厅,高职(专科),4.8
廊坊卫生职业学院,14335,河北,河北省教育厅,高职(专科),4.2
河北轨道运输职业技术学院,14396,河北,河北省教育厅,高职(专科),3.5
河北中医药大学,14432,河北,河北省教育厅,本科,4.4
张家口学院,14458,河北,河北省教育厅,本科,4.1
保定幼儿师范高等专科学校,14460,河北,河北省教育厅,高职(专科),2.9
河北工艺美术职业学院,14471,河北,河北省教育厅,高职(专科),3.1
渤海理工职业学院,14472,河北,河北省教育厅,高职(专科),2.7
唐山幼儿师范高等专科学校,14586,河北,河北省教育厅,高职(专科),N/A
曹妃甸职业技术学院,14601,河北,河北省教育厅,高职(专科),3.2
承德应用技术职业学院,14632,河北,河北省教育厅,高职(专科),N/A
邯郸幼儿师范高等专科学校,14686,河北,河北省教育厅,高职(专科),N/A
邯郸科技职业学院,14695,河北,河北省教育厅,高职(专科),N/A
唐山海运职业学院,14696,河北,河北省教育厅,高职(专科),N/A
邢台应用技术职业学院,14742,河北,河北省教育厅,高职(专科),N/A
衡水健康科技职业学院,14785,河北,河北省教育厅,高职(专科),N/A
沧州航空职业学院,14786,河北,河北省教育厅,高职(专科),N/A
邯郸应用技术职业学院,14787,河北,河北省教育厅,高职(专科),N/A
秦皇岛工业职业技术学院,14788,河北,河北省教育厅,高职(专科),N/A
邢台新能源职业学院,14852,河北,河北省教育厅,高职(专科),N/A
河北石油职业技术大学,16202,河北,河北省教育厅,本科,4.0
河北科技工程职业技术大学,16203,河北,河北省教育厅,本科,3.5
河北工业职业技术大学,16204,河北,河北省教育厅,本科,4.2
东北大学秦皇岛分校,19145,河北,教育部,本科,N/A
河北资源环境职业技术学院,50139,河北,河北省教育厅,高职(专科),3.0
河北环境工程学院,51721,河北,河北省教育厅,本科,4.4
河北青年管理干部学院,51802,河北,河北省教育厅,高职(专科),4.1
山西大学,10108,山西,山西省教育厅,本科,4.3
太原科技大学,10109,山西,山西省教育厅,本科,4.0
中北大学,10110,山西,山西省教育厅,本科,4.2
太原理工大学,10112,山西,山西省教育厅,本科,4.3
山西农业大学,10113,山西,山西省教育厅,本科,4.1
山西医科大学,10114,山西,山西省教育厅,本科,3.8
长治医学院,10117,山西,山西省教育厅,本科,3.7
山西师范大学,10118,山西,山西省教育厅,本科,4.1
太原师范学院,10119,山西,山西省教育厅,本科,4.0
山西大同大学,10120,山西,山西省教育厅,本科,4.0
晋中学院,10121,山西,山西省教育厅,本科,4.0
长治学院,10122,山西,山西省教育厅,本科,4.0
运城学院,10123,山西,山西省教育厅,本科,4.1
忻州师范学院,10124,山西,山西省教育厅,本科,3.9
山西财经大学,10125,山西,山西省教育厅,本科,4.2
山西中医药大学,10809,山西,山西省教育厅,本科,3.9
吕梁学院,10812,山西,山西省教育厅,本科,3.9
太原学院,11242,山西,山西省教育厅,本科,3.8
山西省财政税务专科学校,11630,山西,山西省教育厅,高职(专科),4.6
山西警察学院,12111,山西,山西省教育厅,本科,4.2
长治职业技术学院,12388,山西,山西省教育厅,高职(专科),3.1
山西艺术职业学院,12704,山西,山西省教育厅,高职(专科),3.6
晋城职业技术学院,12774,山西,山西省教育厅,高职(专科),4.0
山西药科职业学院,12776,山西,山西省教育厅,高职(专科),4.1
山西工程职业学院,12777,山西,山西省教育厅,高职(专科),3.7
山西应用科技学院,12779,山西,山西省教育厅,本科,N/A
大同煤炭职业技术学院,12780,山西,山西省教育厅,高职(专科),4.1
山西机电职业技术学院,12888,山西,山西省教育厅,高职(专科),3.8
山西财贸职业技术学院,12890,山西,山西省教育厅,高职(专科),3.7
山西林业职业技术学院,12891,山西,山西省教育厅,高职(专科),3.9
山西水利职业技术学院,12892,山西,山西省教育厅,高职(专科),3.8
阳泉职业技术学院,12893,山西,山西省教育厅,高职(专科),4.1
临汾职业技术学院,13171,山西,山西省教育厅,高职(专科),3.3
山西职业技术学院,13528,山西,山西省教育厅,高职(专科),3.5
山西金融职业学院,13530,山西,山西省教育厅,高职(专科),3.8
太原城市职业技术学院,13532,山西,山西省教育厅,高职(专科),3.9
山西工学院,13534,山西,山西省教育厅,本科,3.7
晋中信息学院,13535,山西,山西省教育厅,本科,4.2
山西电子科技学院,13537,山西,山西省教育厅,本科,3.7
山西晋中理工学院,13538,山西,山西省教育厅,本科,3.7
山西信息职业技术学院,13541,山西,山西省教育厅,高职(专科),3.4
山西科技学院,13597,山西,山西省教育厅,本科,3.9
山西工商学院,13691,山西,山西省教育厅,本科,3.5
山西体育职业学院,13692,山西,山西省教育厅,高职(专科),4.1
山西警官职业学院,13693,山西,山西省教育厅,高职(专科),3.8
山西国际商务职业学院,13694,山西,山西省教育厅,高职(专科),4.1
潞安职业技术学院,13695,山西,山西省教育厅,高职(专科),3.9
太原旅游职业学院,13696,山西,山西省教育厅,高职(专科),3.1
山西旅游职业学院,13697,山西,山西省教育厅,高职(专科),3.9
山西管理职业学院,13698,山西,山西省教育厅,高职(专科),3.9
山西电力职业技术学院,13745,山西,山西省教育厅,高职(专科),3.1
忻州职业技术学院,13821,山西,山西省教育厅,高职(专科),3.3
山西同文职业技术学院,13862,山西,山西省教育厅,高职(专科),3.7
晋中职业技术学院,13913,山西,山西省教育厅,高职(专科),4.1
山西华澳商贸职业学院,13914,山西,山西省教育厅,高职(专科),4.1
山西运城农业职业技术学院,13934,山西,山西省教育厅,高职(专科),3.8
运城幼儿师范高等专科学校,14093,山西,山西省教育厅,高职(专科),4.2
太原工业学院,14101,山西,山西省教育厅,本科,4.1
山西老区职业技术学院,14105,山西,山西省教育厅,高职(专科),N/A
山西经贸职业学院,14177,山西,山西省教育厅,高职(专科),4.0
朔州职业技术学院,14186,山西,山西省教育厅,高职(专科),4.0
运城职业技术大学,14226,山西,山西省教育厅,本科,4.2
山西铁道职业技术学院,14247,山西,山西省教育厅,高职(专科),3.6
晋中师范高等专科学校,14270,山西,山西省教育厅,高职(专科),3.7
阳泉师范高等专科学校,14271,山西,山西省教育厅,高职(专科),4.3
山西青年职业学院,14336,山西,山西省教育厅,高职(专科),4.0
运城护理职业学院,14397,山西,山西省教育厅,高职(专科),3.6
山西传媒学院,14434,山西,山西省教育厅,本科,4.1
运城师范高等专科学校,14461,山西,山西省教育厅,高职(专科),3.4
朔州师范高等专科学校,14462,山西,山西省教育厅,高职(专科),3.7
吕梁职业技术学院,14500,山西,山西省教育厅,高职(专科),N/A
山西工程技术学院,14527,山西,山西省教育厅,本科,4.1
大同师范高等专科学校,14627,山西,山西省教育厅,高职(专科),N/A
太原幼儿师范高等专科学校,14628,山西,山西省教育厅,高职(专科),N/A
长治幼儿师范高等专科学校,14687,山西,山西省教育厅,高职(专科),N/A
山西通用航空职业技术学院,14697,山西,山西省教育厅,高职(专科),N/A
朔州陶瓷职业技术学院,14698,山西,山西省教育厅,高职(专科),N/A
吕梁师范高等专科学校,14777,山西,山西省教育厅,高职(专科),N/A
山西工程科技职业大学,16201,山西,山西省教育厅,本科,4.4
山西卫生健康职业学院,50166,山西,山西省教育厅,高职(专科),4.3
山西能源学院,51189,山西,山西省教育厅,本科,4.0
山西省政法管理干部学院,51787,山西,山西省教育厅,高职(专科),3.9
内蒙古大学,10126,内蒙古,内蒙古自治区教育厅,本科,4.4
内蒙古科技大学,10127,内蒙古,内蒙古自治区教育厅,本科,4.2
内蒙古工业大学,10128,内蒙古,内蒙古自治区教育厅,本科,4.2
内蒙古农业大学,10129,内蒙古,内蒙古自治区教育厅,本科,4.2
内蒙古医科大学,10132,内蒙古,内蒙古自治区教育厅,本科,3.9
内蒙古师范大学,10135,内蒙古,内蒙古自治区教育厅,本科,4.1
内蒙古民族大学,10136,内蒙古,内蒙古自治区教育厅,本科,4.1
赤峰学院,10138,内蒙古,内蒙古自治区教育厅,本科,4.1
内蒙古财经大学,10139,内蒙古,内蒙古自治区教育厅,本科,4.3
呼伦贝尔学院,10819,内蒙古,内蒙古自治区教育厅,本科,4.1
内蒙古建筑职业技术学院,10871,内蒙古,内蒙古自治区教育厅,高职(专科),3.9
集宁师范学院,11427,内蒙古,内蒙古自治区教育厅,本科,4.0
内蒙古丰州职业学院,11429,内蒙古,内蒙古自治区教育厅,高职(专科),2.7
河套学院,11631,内蒙古,内蒙古自治区教育厅,本科,4.1
呼和浩特民族学院,11709,内蒙古,内蒙古自治区教育厅,本科,4.1
包头职业技术学院,12057,内蒙古,内蒙古自治区教育厅,高职(专科),3.7
兴安职业技术学院,12443,内蒙古,内蒙古自治区教育厅,高职(专科),3.8
呼和浩特职业学院,12670,内蒙古,内蒙古自治区教育厅,高职(专科),4.0
包头轻工职业技术学院,12671,内蒙古,内蒙古自治区教育厅,高职(专科),3.6
内蒙古电子信息职业技术学院,12673,内蒙古,内蒙古自治区教育厅,高职(专科),3.7
内蒙古机电职业技术学院,12674,内蒙古,内蒙古自治区教育厅,高职(专科),4.2
内蒙古化工职业学院,12675,内蒙古,内蒙古自治区教育厅,高职(专科),4.0
内蒙古商贸职业学院,12676,内蒙古,内蒙古自治区教育厅,高职(专科),3.9
锡林郭勒职业学院,12677,内蒙古,内蒙古自治区教育厅,高职(专科),4.1
内蒙古警察职业学院,12797,内蒙古,内蒙古自治区教育厅,高职(专科),4.4
内蒙古体育职业学院,12894,内蒙古,内蒙古自治区教育厅,高职(专科),N/A
乌兰察布职业学院,13699,内蒙古,内蒙古自治区教育厅,高职(专科),3.9
通辽职业学院,13740,内蒙古,内蒙古自治区教育厅,高职(专科),4.0
科尔沁艺术职业学院,13741,内蒙古,内蒙古自治区教育厅,高职(专科),3.5
内蒙古交通职业技术学院,13824,内蒙古,内蒙古自治区教育厅,高职(专科),3.7
包头钢铁职业技术学院,13864,内蒙古,内蒙古自治区教育厅,高职(专科),3.3
乌海职业技术学院,13915,内蒙古,内蒙古自治区教育厅,高职(专科),3.6
内蒙古科技职业学院,14048,内蒙古,内蒙古自治区教育厅,高职(专科),2.8
内蒙古北方职业技术学院,14049,内蒙古,内蒙古自治区教育厅,高职(专科),3.0
包头铁道职业技术学院,14187,内蒙古,内蒙古自治区教育厅,高职(专科),3.6
内蒙古大学创业学院,14199,内蒙古,内蒙古自治区教育厅,本科,3.9
内蒙古鸿德文理学院,14205,内蒙古,内蒙古自治区教育厅,本科,3.8
乌兰察布医学高等专科学校,14219,内蒙古,内蒙古自治区教育厅,高职(专科),3.8
鄂尔多斯职业学院,14248,内蒙古,内蒙古自治区教育厅,高职(专科),4.0
呼伦贝尔职业技术学院,14283,内蒙古,内蒙古自治区教育厅,高职(专科),3.5
满洲里俄语职业学院,14285,内蒙古,内蒙古自治区教育厅,高职(专科),N/A
内蒙古能源职业学院,14337,内蒙古,内蒙古自治区教育厅,高职(专科),N/A
赤峰工业职业技术学院,14338,内蒙古,内蒙古自治区教育厅,高职(专科),3.3
阿拉善职业技术学院,14339,内蒙古,内蒙古自治区教育厅,高职(专科),N/A
内蒙古美术职业学院,14387,内蒙古,内蒙古自治区教育厅,高职(专科),N/A
内蒙古民族幼儿师范高等专科学校,14463,内蒙古,内蒙古自治区教育厅,高职(专科),4.5
鄂尔多斯生态环境职业学院,14501,内蒙古,内蒙古自治区教育厅,高职(专科),N/A
内蒙古艺术学院,14531,内蒙古,内蒙古自治区教育厅,本科,3.9
鄂尔多斯应用技术学院,14532,内蒙古,内蒙古自治区教育厅,本科,3.7
扎兰屯职业学院,14539,内蒙古,内蒙古自治区教育厅,高职(专科),N/A
赤峰应用技术职业学院,14699,内蒙古,内蒙古自治区教育厅,高职(专科),N/A
内蒙古科技大学包头师范学院,18127,内蒙古,内蒙古自治区教育厅,本科,N/A
内蒙古科技大学包头医学院,19127,内蒙古,内蒙古自治区教育厅,本科,N/A
辽宁大学,10140,辽宁,辽宁省教育厅,本科,4.2
大连理工大学,10141,辽宁,教育部,本科,4.5
沈阳工业大学,10142,辽宁,辽宁省教育厅,本科,4.2
沈阳航空航天大学,10143,辽宁,辽宁省教育厅,本科,4.1
沈阳理工大学,10144,辽宁,辽宁省教育厅,本科,3.9
东北大学,10145,辽宁,教育部,本科,4.4
辽宁科技大学,10146,辽宁,辽宁省教育厅,本科,4.2
辽宁工程技术大学,10147,辽宁,辽宁省教育厅,本科,4.2
辽宁石油化工大学,10148,辽宁,辽宁省教育厅,本科,3.9
沈阳化工大学,10149,辽宁,辽宁省教育厅,本科,4.2
大连交通大学,10150,辽宁,辽宁省教育厅,本科,3.8
大连海事大学,10151,辽宁,交通运输部,本科,4.3
大连工业大学,10152,辽宁,辽宁省教育厅,本科,3.9
沈阳建筑大学,10153,辽宁,辽宁省教育厅,本科,4.4
辽宁工业大学,10154,辽宁,辽宁省教育厅,本科,4.1
沈阳农业大学,10157,辽宁,辽宁省教育厅,本科,4.3
大连海洋大学,10158,辽宁,辽宁省教育厅,本科,3.6
中国医科大学,10159,辽宁,辽宁省教育厅,本科,4.0
锦州医科大学,10160,辽宁,辽宁省教育厅,本科,3.6
大连医科大学,10161,辽宁,辽宁省教育厅,本科,4.1
辽宁中医药大学,10162,辽宁,辽宁省教育厅,本科,4.0
沈阳药科大学,10163,辽宁,辽宁省教育厅,本科,4.3
沈阳医学院,10164,辽宁,辽宁省教育厅,本科,4.1
辽宁师范大学,10165,辽宁,辽宁省教育厅,本科,4.1
沈阳师范大学,10166,辽宁,辽宁省教育厅,本科,4.2
渤海大学,10167,辽宁,辽宁省教育厅,本科,4.1
鞍山师范学院,10169,辽宁,辽宁省教育厅,本科,3.6
朝阳师范学院,10171,辽宁,辽宁省教育厅,本科,4.1
大连外国语大学,10172,辽宁,辽宁省教育厅,本科,4.1
东北财经大学,10173,辽宁,辽宁省教育厅,本科,4.5
中国刑事警察学院,10175,辽宁,公安部,本科,4.2
沈阳体育学院,10176,辽宁,辽宁省教育厅,本科,4.6
沈阳音乐学院,10177,辽宁,辽宁省教育厅,本科,4.3
鲁迅美术学院,10178,辽宁,辽宁省教育厅,本科,4.4
抚顺师范高等专科学校,10179,辽宁,辽宁省教育厅,高职(专科),3.6
锦州师范高等专科学校,10180,辽宁,辽宁省教育厅,高职(专科),3.5
营口职业技术学院,10181,辽宁,辽宁省教育厅,高职(专科),3.7
铁岭师范高等专科学校,10182,辽宁,辽宁省教育厅,高职(专科),3.9
辽宁对外经贸学院,10841,辽宁,辽宁省教育厅,本科,3.9
大连职业技术学院,10845,辽宁,辽宁省教育厅,高职(专科),3.9
沈阳大学,11035,辽宁,辽宁省教育厅,本科,4.2
抚顺职业技术学院,11037,辽宁,辽宁省教育厅,高职(专科),3.9
辽宁农业职业技术学院,11248,辽宁,辽宁省教育厅,高职(专科),4.4
辽阳职业技术学院,11249,辽宁,辽宁省教育厅,高职(专科),4.1
阜新高等专科学校,11250,辽宁,辽宁省教育厅,高职(专科),3.9
大连大学,11258,辽宁,辽宁省教育厅,本科,4.1
辽宁科技学院,11430,辽宁,辽宁省教育厅,本科,3.6
辽宁警察学院,11432,辽宁,辽宁省教育厅,本科,4.2
辽宁省交通高等专科学校,11500,辽宁,辽宁省教育厅,高职(专科),4.5
沈阳工程学院,11632,辽宁,辽宁省教育厅,本科,4.1
辽东学院,11779,辽宁,辽宁省教育厅,本科,4.1
大连民族大学,12026,辽宁,国家民族事务委员会,本科,4.5
盘锦职业技术学院,12063,辽宁,辽宁省教育厅,高职(专科),4.0
辽宁职业学院,12592,辽宁,辽宁省教育厅,高职(专科),3.7
辽宁生态工程职业学院,12593,辽宁,辽宁省教育厅,高职(专科),4.0
沈阳职业技术学院,12594,辽宁,辽宁省教育厅,高职(专科),3.6
辽宁理工职业大学,12595,辽宁,辽宁省教育厅,本科,3.6
辽宁金融职业学院,12895,辽宁,辽宁省教育厅,高职(专科),4.1
辽宁轨道交通职业学院,12896,辽宁,辽宁省教育厅,高职(专科),4.2
辽宁广告职业学院,12897,辽宁,辽宁省教育厅,高职(专科),3.5
辽宁机电职业技术学院,12898,辽宁,辽宁省教育厅,高职(专科),3.5
辽宁经济职业技术学院,12899,辽宁,辽宁省教育厅,高职(专科),4.1
辽宁石化职业技术学院,12900,辽宁,辽宁省教育厅,高职(专科),4.1
渤海船舶职业学院,12931,辽宁,辽宁省教育厅,高职(专科),3.5
大连理工大学城市学院,13198,辽宁,辽宁省教育厅,本科,4.4
沈阳工学院,13201,辽宁,辽宁省教育厅,本科,4.0
大连工业大学艺术与信息工程学院,13203,辽宁,辽宁省教育厅,本科,3.1
大连科技学院,13207,辽宁,辽宁省教育厅,本科,4.5
沈阳城市建设学院,13208,辽宁,辽宁省教育厅,本科,3.5
大连医科大学中山学院,13212,辽宁,辽宁省教育厅,本科,3.5
锦州医科大学医疗学院,13213,辽宁,辽宁省教育厅,本科,3.3
辽宁师范大学海华学院,13215,辽宁,辽宁省教育厅,本科,3.2
辽宁理工学院,13217,辽宁,辽宁省教育厅,本科,3.4
大连财经学院,13218,辽宁,辽宁省教育厅,本科,3.9
沈阳城市学院,13220,辽宁,辽宁省教育厅,本科,3.9
大连艺术学院,13599,辽宁,辽宁省教育厅,本科,4.0
辽宁中医药大学杏林学院,13609,辽宁,辽宁省教育厅,本科,3.5
辽宁何氏医学院,13610,辽宁,辽宁省教育厅,本科,4.1
沈阳科技学院,13621,辽宁,辽宁省教育厅,本科,3.6
大连东软信息学院,13631,辽宁,辽宁省教育厅,本科,4.3
辽宁财贸学院,13900,辽宁,辽宁省教育厅,本科,3.7
辽宁传媒学院,13957,辽宁,辽宁省教育厅,本科,3.6
大连软件职业学院,13958,辽宁,辽宁省教育厅,高职(专科),3.1
大连枫叶职业技术学院,13961,辽宁,辽宁省教育厅,高职(专科),N/A
辽宁装备制造职业技术学院,14076,辽宁,辽宁省教育厅,高职(专科),3.6
辽河石油职业技术学院,14077,辽宁,辽宁省教育厅,高职(专科),3.6
辽宁地质工程职业学院,14106,辽宁,辽宁省教育厅,高职(专科),3.5
辽宁铁道职业技术学院,14188,辽宁,辽宁省教育厅,高职(专科),4.2
辽宁建筑职业学院,14189,辽宁,辽宁省教育厅,高职(专科),4.2
大连航运职业技术学院,14209,辽宁,辽宁省教育厅,高职(专科),2.6
大连装备制造职业技术学院,14227,辽宁,辽宁省教育厅,高职(专科),N/A
大连汽车职业技术学院,14228,辽宁,辽宁省教育厅,高职(专科),N/A
辽宁现代服务职业技术学院,14240,辽宁,辽宁省教育厅,高职(专科),4.1
辽宁冶金职业技术学院,14286,辽宁,辽宁省教育厅,高职(专科),3.1
辽宁工程职业学院,14287,辽宁,辽宁省教育厅,高职(专科),3.5
辽宁城市建设职业技术学院,14288,辽宁,辽宁省教育厅,高职(专科),4.0
辽宁医药职业学院,14289,辽宁,辽宁省教育厅,高职(专科),4.1
铁岭卫生职业学院,14290,辽宁,辽宁省教育厅,高职(专科),4.1
沈阳北软信息职业技术学院,14385,辽宁,辽宁省教育厅,高职(专科),2.7
营口理工学院,14435,辽宁,辽宁省教育厅,本科,4.0
辽宁民族师范高等专科学校,14464,辽宁,辽宁省教育厅,高职(专科),3.2
辽宁轻工职业学院,14473,辽宁,辽宁省教育厅,高职(专科),3.7
辽宁特殊教育师范高等专科学校,14526,辽宁,辽宁省教育厅,高职(专科),N/A
辽宁师范高等专科学校,14662,辽宁,辽宁省教育厅,高职(专科),N/A
鞍山职业技术学院,14700,辽宁,辽宁省教育厅,高职(专科),N/A
大连理工大学(盘锦校区),19141,辽宁,教育部,本科,N/A
海军大连舰艇学院,91017,辽宁,中央军委训练管理部,本科,N/A
吉林大学,10183,吉林,教育部,本科,4.5
延边大学,10184,吉林,吉林省教育厅,本科,4.3
长春理工大学,10186,吉林,吉林省教育厅,本科,4.0
东北电力大学,10188,吉林,吉林省教育厅,本科,4.4
长春工业大学,10190,吉林,吉林省教育厅,本科,4.1
吉林建筑大学,10191,吉林,吉林省教育厅,本科,4.2
吉林化工学院,10192,吉林,吉林省教育厅,本科,3.9
吉林农业大学,10193,吉林,吉林省教育厅,本科,4.2
长春中医药大学,10199,吉林,吉林省教育厅,本科,4.0
东北师范大学,10200,吉林,教育部,本科,4.6
北华大学,10201,吉林,吉林省教育厅,本科,4.1
通化师范学院,10202,吉林,吉林省教育厅,本科,4.0
吉林师范大学,10203,吉林,吉林省教育厅,本科,4.4
吉林工程技术师范学院,10204,吉林,吉林省教育厅,本科,3.3
长春师范大学,10205,吉林,吉林省教育厅,本科,4.1
白城师范学院,10206,吉林,吉林省教育厅,本科,4.1
吉林财经大学,10207,吉林,吉林省教育厅,本科,4.4
吉林体育学院,10208,吉林,吉林省教育厅,本科,3.9
吉林艺术学院,10209,吉林,吉林省教育厅,本科,4.2
辽源职业技术学院,10847,吉林,吉林省教育厅,高职(专科),3.8
吉林外国语大学,10964,吉林,吉林省教育厅,本科,4.3
四平职业大学,11044,吉林,吉林省教育厅,高职(专科),4.0
吉林工商学院,11261,吉林,吉林省教育厅,本科,3.8
长春汽车职业技术大学,11436,吉林,吉林省教育厅,高职(专科),3.6
长春工程学院,11437,吉林,吉林省教育厅,本科,4.0
吉林农业科技学院,11439,吉林,吉林省教育厅,本科,3.8
长春金融高等专科学校,11440,吉林,吉林省教育厅,高职(专科),3.8
吉林警察学院,11441,吉林,吉林省教育厅,本科,4.4
长春大学,11726,吉林,吉林省教育厅,本科,4.0
长春医学高等专科学校,11823,吉林,吉林省教育厅,高职(专科),4.2
吉林交通职业技术学院,12049,吉林,吉林省教育厅,高职(专科),4.0
长春东方职业学院,12306,吉林,吉林省教育厅,高职(专科),2.6
吉林司法警官职业学院,12901,吉林,吉林省教育厅,高职(专科),3.7
吉林电子信息职业技术学院,12902,吉林,吉林省教育厅,高职(专科),3.7
吉林工业职业技术学院,12903,吉林,吉林省教育厅,高职(专科),3.5
吉林工程职业学院,12904,吉林,吉林省教育厅,高职(专科),4.1
长春职业技术学院,13161,吉林,吉林省教育厅,高职(专科),4.2
长春光华学院,13600,吉林,吉林省教育厅,本科,4.1
长春工业大学人文信息学院,13601,吉林,吉林省教育厅,本科,4.0
长春电子科技学院,13602,吉林,吉林省教育厅,本科,3.4
长春财经学院,13603,吉林,吉林省教育厅,本科,4.3
吉林建筑科技学院,13604,吉林,吉林省教育厅,本科,3.8
长春建筑学院,13605,吉林,吉林省教育厅,本科,3.5
长春科技学院,13606,吉林,吉林省教育厅,本科,3.7
吉林动画学院,13607,吉林,吉林省教育厅,本科,3.9
吉林师范大学博达学院,13622,吉林,吉林省教育厅,本科,4.0
长春大学旅游学院,13623,吉林,吉林省教育厅,本科,3.7
长春人文学院,13662,吉林,吉林省教育厅,本科,4.5
吉林医药学院,13706,吉林,吉林省教育厅,本科,4.2
白城医学高等专科学校,13743,吉林,吉林省教育厅,高职(专科),4.2
长春信息技术职业学院,13916,吉林,吉林省教育厅,高职(专科),2.8
松原职业技术学院,13917,吉林,吉林省教育厅,高职(专科),3.4
吉林铁道职业技术学院,14052,吉林,吉林省教育厅,高职(专科),3.9
白城职业技术学院,14107,吉林,吉林省教育厅,高职(专科),3.7
长白山职业技术学院,14190,吉林,吉林省教育厅,高职(专科),3.4
吉林科技职业技术学院,14291,吉林,吉林省教育厅,高职(专科),3.2
延边职业技术学院,14340,吉林,吉林省教育厅,高职(专科),3.0
吉林城市职业技术学院,14426,吉林,吉林省教育厅,高职(专科),2.7
吉林职业技术学院,14567,吉林,吉林省教育厅,高职(专科),2.7
吉林水利电力职业学院,14602,吉林,吉林省教育厅,高职(专科),3.8
长春健康职业学院,14603,吉林,吉林省教育厅,高职(专科),N/A
长春早期教育职业学院,14701,吉林,吉林省教育厅,高职(专科),N/A
梅河口康美职业技术学院,14702,吉林,吉林省教育厅,高职(专科),N/A
吉林通用航空职业技术学院,14743,吉林,吉林省教育厅,高职(专科),N/A
通化医药健康职业学院,14744,吉林,吉林省教育厅,高职(专科),N/A
长春数字科技职业学院,14839,吉林,吉林省教育厅,高职(专科),N/A
长春师范高等专科学校,15335,吉林,吉林省教育厅,高职(专科),N/A
吉林省教育学院,50252,吉林,吉林省教育厅,高职(专科),4.1
吉林省经济管理干部学院,51243,吉林,吉林省教育厅,高职(专科),3.8
空军航空大学,91025,吉林,中央军委训练管理部,本科,N/A
黑龙江大学,10212,黑龙江,黑龙江省教育厅,本科,4.5
哈尔滨工业大学,10213,黑龙江,工业和信息化部,本科,4.6
哈尔滨理工大学,10214,黑龙江,黑龙江省教育厅,本科,4.3
哈尔滨工程大学,10217,黑龙江,工业和信息化部,本科,4.4
黑龙江科技大学,10219,黑龙江,黑龙江省教育厅,本科,4.1
东北石油大学,10220,黑龙江,黑龙江省教育厅,本科,4.0
佳木斯大学,10222,黑龙江,黑龙江省教育厅,本科,4.3
黑龙江八一农垦大学,10223,黑龙江,黑龙江省教育厅,本科,4.3
东北农业大学,10224,黑龙江,黑龙江省教育厅,本科,4.4
东北林业大学,10225,黑龙江,教育部,本科,4.3
哈尔滨医科大学,10226,黑龙江,黑龙江省教育厅,本科,4.2
黑龙江中医药大学,10228,黑龙江,黑龙江省教育厅,本科,3.8
牡丹江医科大学,10229,黑龙江,黑龙江省教育厅,本科,4.0
哈尔滨师范大学,10231,黑龙江,黑龙江省教育厅,本科,4.1
齐齐哈尔大学,10232,黑龙江,黑龙江省教育厅,本科,4.3
牡丹江师范学院,10233,黑龙江,黑龙江省教育厅,本科,4.0
哈尔滨学院,10234,黑龙江,黑龙江省教育厅,本科,4.0
大庆师范学院,10235,黑龙江,黑龙江省教育厅,本科,4.2
绥化学院,10236,黑龙江,黑龙江省教育厅,本科,4.3
齐齐哈尔高等师范专科学校,10238,黑龙江,黑龙江省教育厅,高职(专科),3.8
哈尔滨商业大学,10240,黑龙江,黑龙江省教育厅,本科,4.3
哈尔滨体育学院,10242,黑龙江,黑龙江省教育厅,本科,4.2
哈尔滨金融学院,10245,黑龙江,黑龙江省教育厅,本科,3.9
伊春职业学院,10872,黑龙江,黑龙江省教育厅,高职(专科),3.9
牡丹江大学,11046,黑龙江,黑龙江省教育厅,高职(专科),3.8
齐齐哈尔医学院,11230,黑龙江,黑龙江省教育厅,本科,4.1
黑龙江工业学院,11445,黑龙江,黑龙江省教育厅,本科,3.8
黑龙江东方学院,11446,黑龙江,黑龙江省教育厅,本科,4.5
黑龙江职业学院,11449,黑龙江,黑龙江省教育厅,高职(专科),3.7
哈尔滨信息工程学院,11635,黑龙江,黑龙江省教育厅,本科,3.6
黑龙江工程学院,11802,黑龙江,黑龙江省教育厅,本科,4.1
鹤岗师范高等专科学校,11959,黑龙江,黑龙江省教育厅,高职(专科),4.0
黑龙江建筑职业技术学院,12053,黑龙江,黑龙江省教育厅,高职(专科),4.2
黑龙江艺术职业学院,12490,黑龙江,黑龙江省教育厅,高职(专科),4.0
大庆职业学院,12718,黑龙江,黑龙江省教育厅,高职(专科),3.7
黑龙江林业职业技术学院,12724,黑龙江,黑龙江省教育厅,高职(专科),4.1
黑龙江农业职业技术学院,12725,黑龙江,黑龙江省教育厅,高职(专科),4.1
黑龙江农业工程职业学院,12726,黑龙江,黑龙江省教育厅,高职(专科),4.3
黑龙江农垦职业学院,12727,黑龙江,黑龙江省教育厅,高职(专科),4.1
黑龙江司法警官职业学院,12728,黑龙江,黑龙江省教育厅,高职(专科),3.6
齐齐哈尔工程学院,12729,黑龙江,黑龙江省教育厅,本科,3.6
哈尔滨电力职业技术学院,12906,黑龙江,黑龙江省教育厅,高职(专科),3.6
哈尔滨铁道职业技术学院,12907,黑龙江,黑龙江省教育厅,高职(专科),3.9
大兴安岭职业学院,12908,黑龙江,黑龙江省教育厅,高职(专科),4.3
黑龙江农业经济职业学院,12910,黑龙江,黑龙江省教育厅,高职(专科),4.2
哈尔滨职业技术大学,12911,黑龙江,黑龙江省教育厅,本科,4.1
黑龙江外国语学院,13296,黑龙江,黑龙江省教育厅,本科,4.1
黑龙江财经学院,13298,黑龙江,黑龙江省教育厅,本科,4.3
哈尔滨石油学院,13299,黑龙江,黑龙江省教育厅,本科,4.0
黑龙江工商学院,13300,黑龙江,黑龙江省教育厅,本科,3.7
哈尔滨远东理工学院,13301,黑龙江,黑龙江省教育厅,本科,3.6
哈尔滨传媒职业学院,13302,黑龙江,黑龙江省教育厅,高职(专科),N/A
哈尔滨剑桥学院,13303,黑龙江,黑龙江省教育厅,本科,3.8
黑龙江工程学院昆仑旅游学院,13304,黑龙江,黑龙江省教育厅,本科,3.2
哈尔滨广厦学院,13306,黑龙江,黑龙江省教育厅,本科,4.0
哈尔滨华德学院,13307,黑龙江,黑龙江省教育厅,本科,3.9
黑龙江商业职业学院,13448,黑龙江,黑龙江省教育厅,高职(专科),4.2
黑龙江公安警官职业学院,13449,黑龙江,黑龙江省教育厅,高职(专科),3.9
哈尔滨城市职业学院,13451,黑龙江,黑龙江省教育厅,高职(专科),2.8
黑龙江旅游职业技术学院,13729,黑龙江,黑龙江省教育厅,高职(专科),3.6
黑龙江三江美术职业学院,13730,黑龙江,黑龙江省教育厅,高职(专科),3.0
黑龙江生态工程职业学院,13731,黑龙江,黑龙江省教育厅,高职(专科),3.9
黑龙江能源职业学院,13732,黑龙江,黑龙江省教育厅,高职(专科),3.8
黑河学院,13744,黑龙江,黑龙江省教育厅,本科,4.1
七台河职业学院,13918,黑龙江,黑龙江省教育厅,高职(专科),3.5
黑龙江民族职业学院,13935,黑龙江,黑龙江省教育厅,高职(专科),4.1
大庆医学高等专科学校,14017,黑龙江,黑龙江省教育厅,高职(专科),3.8
黑龙江交通职业技术学院,14053,黑龙江,黑龙江省教育厅,高职(专科),3.7
哈尔滨应用职业技术学院,14055,黑龙江,黑龙江省教育厅,高职(专科),2.7
黑龙江幼儿师范高等专科学校,14095,黑龙江,黑龙江省教育厅,高职(专科),3.9
哈尔滨科学技术职业学院,14108,黑龙江,黑龙江省教育厅,高职(专科),3.5
佳木斯职业学院,14178,黑龙江,黑龙江省教育厅,高职(专科),3.5
黑龙江护理高等专科学校,14272,黑龙江,黑龙江省教育厅,高职(专科),3.4
齐齐哈尔理工职业学院,14400,黑龙江,黑龙江省教育厅,高职(专科),N/A
哈尔滨幼儿师范高等专科学校,14425,黑龙江,黑龙江省教育厅,高职(专科),3.8
黑龙江冰雪体育职业学院,14540,黑龙江,黑龙江省教育厅,高职(专科),N/A
哈尔滨音乐学院,14560,黑龙江,黑龙江省教育厅,本科,N/A
哈尔滨北方航空职业技术学院,14633,黑龙江,黑龙江省教育厅,高职(专科),N/A
复旦大学,10246,上海,教育部,本科,4.6
同济大学,10247,上海,教育部,本科,4.5
上海交通大学,10248,上海,教育部,本科,4.6
华东理工大学,10251,上海,教育部,本科,4.2
上海理工大学,10252,上海,上海市教育委员会,本科,4.0
上海海事大学,10254,上海,上海市教育委员会,本科,4.0
东华大学,10255,上海,教育部,本科,4.5
上海电力大学,10256,上海,上海市教育委员会,本科,4.0
上海应用技术大学,10259,上海,上海市教育委员会,本科,3.9
上海健康医学院,10262,上海,上海市教育委员会,本科,3.9
上海海洋大学,10264,上海,上海市教育委员会,本科,4.2
上海中医药大学,10268,上海,上海市教育委员会,本科,3.5
华东师范大学,10269,上海,教育部,本科,4.6
上海师范大学,10270,上海,上海市教育委员会,本科,4.1
上海外国语大学,10271,上海,教育部,本科,4.2
上海财经大学,10272,上海,教育部,本科,4.5
上海对外经贸大学,10273,上海,上海市教育委员会,本科,4.1
上海海关学院,10274,上海,海关总署,本科,3.9
上海旅游高等专科学校,10275,上海,上海市教育委员会,高职(专科),4.1
华东政法大学,10276,上海,上海市教育委员会,本科,4.4
上海体育大学,10277,上海,上海市教育委员会,本科,4.5
上海音乐学院,10278,上海,上海市教育委员会,本科,N/A
上海戏剧学院,10279,上海,上海市教育委员会,本科,4.3
上海大学,10280,上海,上海市教育委员会,本科,4.3
上海东海职业技术学院,10851,上海,上海市教育委员会,高职(专科),3.5
上海工商职业技术学院,10852,上海,上海市教育委员会,高职(专科),3.8
上海工程技术大学,10856,上海,上海市教育委员会,本科,4.0
上海立信会计金融学院,11047,上海,上海市教育委员会,本科,3.7
上海电机学院,11458,上海,上海市教育委员会,本科,3.5
上海出版印刷高等专科学校,11733,上海,上海市教育委员会,高职(专科),3.8
上海杉达学院,11833,上海,上海市教育委员会,本科,3.7
上海政法学院,11835,上海,上海市教育委员会,本科,4.2
上海第二工业大学,12044,上海,上海市教育委员会,本科,4.0
上海商学院,12050,上海,上海市教育委员会,本科,3.7
上海行健职业学院,12493,上海,上海市教育委员会,高职(专科),3.9
上海城建职业学院,12495,上海,上海市教育委员会,高职(专科),3.6
上海交通职业技术学院,12497,上海,上海市教育委员会,高职(专科),2.7
上海海事职业技术学院,12498,上海,上海市教育委员会,高职(专科),3.1
上海电子信息职业技术学院,12499,上海,上海市教育委员会,高职(专科),3.4
上海震旦职业学院,12583,上海,上海市教育委员会,高职(专科),3.0
上海民远职业技术学院,12584,上海,上海市教育委员会,高职(专科),3.1
上海思博职业技术学院,12586,上海,上海市教育委员会,高职(专科),3.9
上海立达学院,12587,上海,上海市教育委员会,本科,3.6
上海工艺美术职业学院,12588,上海,上海市教育委员会,高职(专科),3.9
上海济光职业技术学院,12798,上海,上海市教育委员会,高职(专科),4.0
上海建桥学院,12799,上海,上海市教育委员会,本科,3.4
上海工商外国语职业学院,12800,上海,上海市教育委员会,高职(专科),3.5
上海科学技术职业学院,12801,上海,上海市教育委员会,高职(专科),3.5
上海农林职业技术学院,12912,上海,上海市教育委员会,高职(专科),3.8
上海邦德职业技术学院,12913,上海,上海市教育委员会,高职(专科),N/A
上海兴伟学院,12914,上海,上海市教育委员会,本科,3.8
上海中侨职业技术大学,12915,上海,上海市教育委员会,本科,3.7
上海视觉艺术学院,13632,上海,上海市教育委员会,本科,4.3
上海外国语大学贤达经济人文学院,13636,上海,上海市教育委员会,本科,2.8
上海电影艺术职业学院,13747,上海,上海市教育委员会,高职(专科),N/A
上海师范大学天华学院,13893,上海,上海市教育委员会,本科,3.4
上海民航职业技术学院,14394,上海,中国民用航空局,高职(专科),3.4
上海科技大学,14423,上海,上海市教育委员会,本科,4.6
上海科创职业技术学院,14778,上海,上海市教育委员会,高职(专科),N/A
上海闵行职业技术学院,14779,上海,上海市教育委员会,高职(专科),N/A
上海现代化工职业学院,14780,上海,上海市教育委员会,高职(专科),N/A
上海建设管理职业技术学院,14781,上海,上海市教育委员会,高职(专科),N/A
上海浦东职业技术学院,14840,上海,上海市教育委员会,高职(专科),N/A
上海纽约大学,16404,上海,上海市教育委员会,本科,4.8
复旦大学医学院,19246,上海,教育部,本科,N/A
上海交通大学医学院,19248,上海,教育部,本科,N/A
上海南湖职业技术学院,50371,上海,上海市教育委员会,高职(专科),N/A
海军军医大学,91020,上海,中央军委训练管理部,本科,N/A
南京大学,10284,江苏,教育部,本科,4.8
苏州大学,10285,江苏,江苏省教育厅,本科,4.3
东南大学,10286,江苏,教育部,本科,4.5
南京航空航天大学,10287,江苏,工业和信息化部,本科,4.5
南京理工大学,10288,江苏,工业和信息化部,本科,4.5
江苏科技大学,10289,江苏,江苏省教育厅,本科,4.0
中国矿业大学,10290,江苏,教育部,本科,4.6
南京工业大学,10291,江苏,江苏省教育厅,本科,4.3
常州大学,10292,江苏,江苏省教育厅,本科,4.3
南京邮电大学,10293,江苏,江苏省教育厅,本科,4.4
河海大学,10294,江苏,教育部,本科,4.2
江南大学,10295,江苏,教育部,本科,4.4
南京林业大学,10298,江苏,江苏省教育厅,本科,4.4
江苏大学,10299,江苏,江苏省教育厅,本科,4.3
南京信息工程大学,10300,江苏,江苏省教育厅,本科,4.3
江苏城市职业学院,10301,江苏,江苏省教育厅,高职(专科),3.5
南通大学,10304,江苏,江苏省教育厅,本科,4.4
盐城工学院,10305,江苏,江苏省教育厅,本科,4.3
南京农业大学,10307,江苏,教育部,本科,4.4
南京医科大学,10312,江苏,江苏省教育厅,本科,4.1
徐州医科大学,10313,江苏,江苏省教育厅,本科,4.0
南京中医药大学,10315,江苏,江苏省教育厅,本科,4.2
中国药科大学,10316,江苏,教育部,本科,4.3
南京师范大学,10319,江苏,江苏省教育厅,本科,4.5
江苏师范大学,10320,江苏,江苏省教育厅,本科,4.3
淮阴师范学院,10323,江苏,江苏省教育厅,本科,4.3
盐城师范学院,10324,江苏,江苏省教育厅,本科,4.1
南京财经大学,10327,江苏,江苏省教育厅,本科,4.4
江苏警官学院,10329,江苏,江苏省教育厅,本科,4.4
南京体育学院,10330,江苏,江苏省教育厅,本科,4.0
南京艺术学院,10331,江苏,江苏省教育厅,本科,4.4
苏州科技大学,10332,江苏,江苏省教育厅,本科,3.9
常熟理工学院,10333,江苏,江苏省教育厅,本科,4.3
明达职业技术学院,10826,江苏,江苏省教育厅,高职(专科),3.9
无锡职业技术学院,10848,江苏,江苏省教育厅,高职(专科),4.2
江苏建筑职业技术学院,10849,江苏,江苏省教育厅,高职(专科),4.6
南京工业职业技术大学,10850,江苏,江苏省教育厅,本科,4.3
江苏工程职业技术学院,10958,江苏,江苏省教育厅,高职(专科),4.2
苏州工艺美术职业技术学院,10960,江苏,江苏省教育厅,高职(专科),4.5
金陵科技学院,11048,江苏,江苏省教育厅,本科,4.3
淮阴工学院,11049,江苏,江苏省教育厅,本科,4.1
连云港职业技术学院,11050,江苏,江苏省教育厅,高职(专科),4.2
镇江市高等专科学校,11051,江苏,江苏省教育厅,高职(专科),3.7
南通职业大学,11052,江苏,江苏省教育厅,高职(专科),4.2
徐州工程学院,11053,江苏,江苏省教育厅,本科,4.3
苏州职业大学,11054,江苏,江苏省教育厅,高职(专科),4.3
常州工学院,11055,江苏,江苏省教育厅,本科,4.1
扬州大学,11117,江苏,江苏省教育厅,本科,4.4
三江学院,11122,江苏,江苏省教育厅,本科,4.4
南京工程学院,11276,江苏,江苏省教育厅,本科,4.3
南京审计大学,11287,江苏,江苏省教育厅,本科,4.0
沙洲职业工学院,11288,江苏,江苏省教育厅,高职(专科),4.4
南京晓庄学院,11460,江苏,江苏省教育厅,本科,4.1
扬州市职业大学,11462,江苏,江苏省教育厅,高职(专科),4.3
江苏理工学院,11463,江苏,江苏省教育厅,本科,4.1
南京警察学院,11466,江苏,公安部,本科,4.7
江苏海洋大学,11641,江苏,江苏省教育厅,本科,4.3
连云港师范高等专科学校,11939,江苏,江苏省教育厅,高职(专科),4.2
泰州学院,11957,江苏,江苏省教育厅,本科,4.1
江苏经贸职业技术学院,12047,江苏,江苏省教育厅,高职(专科),4.3
南京特殊教育师范学院,12048,江苏,江苏省教育厅,本科,4.1
九州职业技术学院,12054,江苏,江苏省教育厅,高职(专科),4.1
南通理工学院,12056,江苏,江苏省教育厅,本科,4.0
硅湖职业技术学院,12078,江苏,江苏省教育厅,高职(专科),3.6
泰州职业技术学院,12106,江苏,江苏省教育厅,高职(专科),4.3
常州信息职业技术学院,12317,江苏,江苏省教育厅,高职(专科),4.3
江苏海事职业技术学院,12679,江苏,江苏省教育厅,高职(专科),4.0
应天职业技术学院,12680,江苏,江苏省教育厅,高职(专科),4.0
无锡科技职业学院,12681,江苏,江苏省教育厅,高职(专科),3.9
江苏医药职业学院,12682,江苏,江苏省教育厅,高职(专科),4.2
南通科技职业学院,12684,江苏,江苏省教育厅,高职(专科),4.1
苏州经贸职业技术学院,12685,江苏,江苏省教育厅,高职(专科),4.3
苏州工业职业技术学院,12686,江苏,江苏省教育厅,高职(专科),4.3
苏州托普信息职业技术学院,12687,江苏,江苏省教育厅,高职(专科),3.3
苏州卫生职业技术学院,12688,江苏,江苏省教育厅,高职(专科),4.3
东南大学成贤学院,12689,江苏,江苏省教育厅,本科,3.6
无锡商业职业技术学院,12702,江苏,江苏省教育厅,高职(专科),4.3
江苏航运职业技术学院,12703,江苏,江苏省教育厅,高职(专科),4.4
南京交通职业技术学院,12804,江苏,江苏省教育厅,高职(专科),4.4
江苏电子信息职业学院,12805,江苏,江苏省教育厅,高职(专科),4.4
江苏农牧科技职业学院,12806,江苏,江苏省教育厅,高职(专科),4.4
常州纺织服装职业技术学院,12807,江苏,江苏省教育厅,高职(专科),4.3
苏州农业职业技术学院,12808,江苏,江苏省教育厅,高职(专科),4.2
苏州工业园区职业技术学院,12809,江苏,江苏省教育厅,高职(专科),3.0
太湖创意职业技术学院,12918,江苏,江苏省教育厅,高职(专科),N/A
炎黄职业技术学院,12919,江苏,江苏省教育厅,高职(专科),4.2
南京科技职业学院,12920,江苏,江苏省教育厅,高职(专科),4.0
正德职业技术学院,12921,江苏,江苏省教育厅,高职(专科),4.1
钟山职业技术学院,12922,江苏,江苏省教育厅,高职(专科),3.6
无锡南洋职业技术学院,12923,江苏,江苏省教育厅,高职(专科),3.5
江南影视艺术职业学院,13017,江苏,江苏省教育厅,高职(专科),2.4
金肯职业技术学院,13100,江苏,江苏省教育厅,高职(专科),3.8
常州工业职业技术学院,13101,江苏,江苏省教育厅,高职(专科),4.3
常州工程职业技术学院,13102,江苏,江苏省教育厅,高职(专科),4.5
江苏农林职业技术学院,13103,江苏,江苏省教育厅,高职(专科),4.4
江苏食品药品职业技术学院,13104,江苏,江苏省教育厅,高职(专科),4.3
建东职业技术学院,13105,江苏,江苏省教育厅,高职(专科),3.4
南京铁道职业技术学院,13106,江苏,江苏省教育厅,高职(专科),4.2
徐州工业职业技术学院,13107,江苏,江苏省教育厅,高职(专科),4.1
江苏信息职业技术学院,13108,江苏,江苏省教育厅,高职(专科),3.9
宿迁职业技术学院,13110,江苏,江苏省教育厅,高职(专科),3.5
南京信息职业技术学院,13112,江苏,江苏省教育厅,高职(专科),4.2
江海职业技术学院,13113,江苏,江苏省教育厅,高职(专科),3.9
常州机电职业技术学院,13114,江苏,江苏省教育厅,高职(专科),4.1
江阴职业技术学院,13137,江苏,江苏省教育厅,高职(专科),4.0
无锡太湖学院,13571,江苏,江苏省教育厅,本科,3.2
中国矿业大学徐海学院,13579,江苏,江苏省教育厅,本科,4.1
南京理工大学紫金学院,13654,江苏,江苏省教育厅,本科,3.7
南京航空航天大学金城学院,13655,江苏,江苏省教育厅,本科,3.6
南京传媒学院,13687,江苏,江苏省教育厅,本科,4.4
无锡城市职业技术学院,13748,江苏,江苏省教育厅,高职(专科),4.0
无锡工艺职业技术学院,13749,江苏,江苏省教育厅,高职(专科),4.2
金山职业技术学院,13750,江苏,江苏省教育厅,高职(专科),3.4
苏州健雄职业技术学院,13751,江苏,江苏省教育厅,高职(专科),4.1
盐城工业职业技术学院,13752,江苏,江苏省教育厅,高职(专科),4.1
江苏财经职业技术学院,13753,江苏,江苏省教育厅,高职(专科),4.3
扬州工业职业技术学院,13754,江苏,江苏省教育厅,高职(专科),4.2
南京理工大学泰州科技学院,13842,江苏,江苏省教育厅,本科,3.8
南京师范大学泰州学院,13843,江苏,江苏省教育厅,本科,4.0
南京工业大学浦江学院,13905,江苏,江苏省教育厅,本科,3.9
南京师范大学中北学院,13906,江苏,江苏省教育厅,本科,3.8
苏州百年职业学院,13962,江苏,江苏省教育厅,高职(专科),3.9
昆山登云科技职业学院,13963,江苏,江苏省教育厅,高职(专科),3.5
南京视觉艺术职业学院,13964,江苏,江苏省教育厅,高职(专科),3.3
南京医科大学康达学院,13980,江苏,江苏省教育厅,本科,4.0
无锡学院,13982,江苏,江苏省教育厅,本科,4.0
苏州城市学院,13983,江苏,江苏省教育厅,本科,4.3
苏州大学应用技术学院,13984,江苏,江苏省教育厅,本科,4.1
苏州科技大学天平学院,13985,江苏,江苏省教育厅,本科,3.6
江苏大学京江学院,13986,江苏,江苏省教育厅,本科,4.0
扬州大学广陵学院,13987,江苏,江苏省教育厅,本科,4.3
江苏师范大学科文学院,13988,江苏,江苏省教育厅,本科,3.8
南京邮电大学通达学院,13989,江苏,江苏省教育厅,本科,4.0
南京财经大学红山学院,13990,江苏,江苏省教育厅,本科,3.7
江苏科技大学苏州理工学院,13991,江苏,江苏省教育厅,本科,4.1
常州大学怀德学院,13992,江苏,江苏省教育厅,本科,3.7
南通大学杏林学院,13993,江苏,江苏省教育厅,本科,3.8
南京审计大学金审学院,13994,江苏,江苏省教育厅,本科,3.8
南京机电职业技术学院,14056,江苏,江苏省教育厅,高职(专科),3.3
宿迁学院,14160,江苏,江苏省教育厅,本科,4.2
苏州高博职业学院,14163,江苏,江苏省教育厅,高职(专科),3.6
南京旅游职业学院,14180,江苏,江苏省教育厅,高职(专科),3.8
江苏卫生健康职业学院,14255,江苏,江苏省教育厅,高职(专科),4.2
苏州信息职业技术学院,14256,江苏,江苏省教育厅,高职(专科),4.1
宿迁泽达职业技术学院,14293,江苏,江苏省教育厅,高职(专科),3.1
苏州工业园区服务外包职业学院,14295,江苏,江苏省教育厅,高职(专科),4.2
徐州幼儿师范高等专科学校,14329,江苏,江苏省教育厅,高职(专科),3.7
徐州生物工程职业技术学院,14401,江苏,江苏省教育厅,高职(专科),3.9
南京城市职业学院,14422,江苏,江苏省教育厅,高职(专科),3.6
江苏第二师范学院,14436,江苏,江苏省教育厅,本科,4.2
江苏商贸职业学院,14475,江苏,江苏省教育厅,高职(专科),3.7
南通师范高等专科学校,14493,江苏,江苏省教育厅,高职(专科),N/A
扬州中瑞酒店职业学院,14528,江苏,江苏省教育厅,高职(专科),N/A
江苏护理职业学院,14541,江苏,江苏省教育厅,高职(专科),4.2
江苏财会职业学院,14542,江苏,江苏省教育厅,高职(专科),4.2
江苏城乡建设职业学院,14543,江苏,江苏省教育厅,高职(专科),4.1
江苏航空职业技术学院,14568,江苏,江苏省教育厅,高职(专科),3.3
江苏安全技术职业学院,14589,江苏,江苏省教育厅,高职(专科),3.6
江苏旅游职业学院,14604,江苏,江苏省教育厅,高职(专科),3.9
常州幼儿师范高等专科学校,14773,江苏,江苏省教育厅,高职(专科),N/A
江苏司法警官职业学院,14841,江苏,江苏省教育厅,高职(专科),N/A
盐城农业科技职业学院,14853,江苏,江苏省教育厅,高职(专科),N/A
宿迁幼儿师范高等专科学校,14854,江苏,江苏省教育厅,高职(专科),N/A
无锡师范高等专科学校,14855,江苏,江苏省教育厅,高职(专科),N/A
盐城幼儿师范高等专科学校,15466,江苏,江苏省教育厅,高职(专科),N/A
苏州幼儿师范高等专科学校,15583,江苏,江苏省教育厅,高职(专科),N/A
西交利物浦大学,16302,江苏,江苏省教育厅,本科,4.7
昆山杜克大学,16406,江苏,江苏省教育厅,本科,N/A
中国人民大学(苏州校区),19002,江苏,教育部,本科,N/A
陆军工程大学,91004,江苏,中央军委训练管理部,本科,N/A
浙江大学,10335,浙江,教育部,本科,4.7
杭州电子科技大学,10336,浙江,浙江省教育厅,本科,4.5
浙江工业大学,10337,浙江,浙江省教育厅,本科,4.5
浙江理工大学,10338,浙江,浙江省教育厅,本科,4.3
浙江海洋大学,10340,浙江,浙江省教育厅,本科,4.1
浙江农林大学,10341,浙江,浙江省教育厅,本科,4.4
温州医科大学,10343,浙江,浙江省教育厅,本科,4.2
浙江中医药大学,10344,浙江,浙江省教育厅,本科,3.8
浙江师范大学,10345,浙江,浙江省教育厅,本科,4.5
杭州师范大学,10346,浙江,浙江省教育厅,本科,4.4
湖州师范学院,10347,浙江,浙江省教育厅,本科,4.2
绍兴文理学院,10349,浙江,浙江省教育厅,本科,4.2
台州学院,10350,浙江,浙江省教育厅,本科,4.1
温州大学,10351,浙江,浙江省教育厅,本科,4.4
丽水学院,10352,浙江,浙江省教育厅,本科,4.2
浙江工商大学,10353,浙江,浙江省教育厅,本科,4.4
嘉兴大学,10354,浙江,浙江省教育厅,本科,4.2
中国美术学院,10355,浙江,浙江省教育厅,本科,4.3
中国计量大学,10356,浙江,浙江省教育厅,本科,4.4
宁波职业技术学院,10863,浙江,浙江省教育厅,高职(专科),4.4
温州职业技术学院,10864,浙江,浙江省教育厅,高职(专科),4.3
浙江万里学院,10876,浙江,浙江省教育厅,本科,4.2
浙江科技大学,11057,浙江,浙江省教育厅,本科,4.3
宁波工程学院,11058,浙江,浙江省教育厅,本科,4.0
浙江水利水电学院,11481,浙江,浙江省教育厅,本科,4.6
浙江财经大学,11482,浙江,浙江省教育厅,本科,4.3
浙江警察学院,11483,浙江,浙江省教育厅,本科,4.0
衢州学院,11488,浙江,浙江省教育厅,本科,4.3
宁波大学,11646,浙江,浙江省教育厅,本科,4.3
浙江传媒学院,11647,浙江,浙江省教育厅,本科,4.2
浙江树人学院,11842,浙江,浙江省教育厅,本科,4.2
浙江交通职业技术学院,12036,浙江,浙江省教育厅,高职(专科),4.2
金华职业技术大学,12061,浙江,浙江省教育厅,本科,4.4
宁波城市职业技术学院,12645,浙江,浙江省教育厅,高职(专科),4.1
浙江同济科技职业学院,12647,浙江,浙江省教育厅,高职(专科),3.6
浙江工商职业技术学院,12789,浙江,浙江省教育厅,高职(专科),4.0
台州职业技术学院,12790,浙江,浙江省教育厅,高职(专科),4.2
浙江工贸职业技术学院,12791,浙江,浙江省教育厅,高职(专科),4.1
浙江越秀外国语学院,12792,浙江,浙江省教育厅,本科,3.8
浙江机电职业技术大学,12861,浙江,浙江省教育厅,本科,4.2
浙江建设职业技术学院,12862,浙江,浙江省教育厅,高职(专科),4.2
浙江艺术职业学院,12863,浙江,浙江省教育厅,高职(专科),4.2
浙江经贸职业技术学院,12864,浙江,浙江省教育厅,高职(专科),4.3
浙江商业职业技术学院,12865,浙江,浙江省教育厅,高职(专科),4.2
浙江经济职业技术学院,12866,浙江,浙江省教育厅,高职(专科),4.2
浙江旅游职业学院,12867,浙江,浙江省教育厅,高职(专科),4.3
浙江育英职业技术学院,12868,浙江,浙江省教育厅,高职(专科),3.4
浙江警官职业学院,12869,浙江,浙江省教育厅,高职(专科),4.1
浙江金融职业学院,12870,浙江,浙江省教育厅,高职(专科),4.5
浙江工业职业技术学院,12871,浙江,浙江省教育厅,高职(专科),4.2
杭州职业技术学院,12872,浙江,浙江省教育厅,高职(专科),4.3
嘉兴职业技术学院,12874,浙江,浙江省教育厅,高职(专科),4.0
湖州职业技术学院,12875,浙江,浙江省教育厅,高职(专科),4.2
绍兴职业技术学院,12876,浙江,浙江省教育厅,高职(专科),4.1
衢州职业技术学院,12877,浙江,浙江省教育厅,高职(专科),4.2
丽水职业技术学院,12878,浙江,浙江省教育厅,高职(专科),4.2
宁波财经学院,13001,浙江,浙江省教育厅,本科,3.9
浙江东方职业技术学院,13002,浙江,浙江省教育厅,高职(专科),3.9
义乌工商职业技术学院,13003,浙江,浙江省教育厅,高职(专科),4.2
浙大城市学院,13021,浙江,浙江省教育厅,本科,4.4
浙大宁波理工学院,13022,浙江,浙江省教育厅,本科,4.2
杭州医学院,13023,浙江,浙江省教育厅,本科,4.2
浙江纺织服装职业技术学院,13025,浙江,浙江省教育厅,高职(专科),4.0
杭州科技职业技术学院,13026,浙江,浙江省教育厅,高职(专科),4.3
浙江长征职业技术学院,13027,浙江,浙江省教育厅,高职(专科),3.6
嘉兴南洋职业技术学院,13028,浙江,浙江省教育厅,高职(专科),4.0
浙江广厦建设职业技术大学,13029,浙江,浙江省教育厅,本科,3.2
杭州万向职业技术学院,13030,浙江,浙江省教育厅,高职(专科),4.1
浙江工业大学之江学院,13275,浙江,浙江省教育厅,本科,3.7
浙江师范大学行知学院,13276,浙江,浙江省教育厅,本科,4.2
宁波大学科学技术学院,13277,浙江,浙江省教育厅,本科,3.7
杭州电子科技大学信息工程学院,13279,浙江,浙江省教育厅,本科,4.2
浙江理工大学科技与艺术学院,13280,浙江,浙江省教育厅,本科,3.8
浙江农林大学暨阳学院,13283,浙江,浙江省教育厅,本科,4.2
温州医科大学仁济学院,13284,浙江,浙江省教育厅,本科,4.2
浙江中医药大学滨江学院,13285,浙江,浙江省教育厅,本科,4.0
湖州学院,13287,浙江,浙江省教育厅,本科,4.0
绍兴文理学院元培学院,13288,浙江,浙江省教育厅,本科,3.8
温州理工学院,13289,浙江,浙江省教育厅,本科,4.3
浙江工商大学杭州商学院,13290,浙江,浙江省教育厅,本科,3.9
嘉兴南湖学院,13291,浙江,浙江省教育厅,本科,4.0
中国计量大学现代科技学院,13292,浙江,浙江省教育厅,本科,4.1
浙江财经大学东方学院,13294,浙江,浙江省教育厅,本科,3.9
温州商学院,13637,浙江,浙江省教育厅,本科,4.2
浙江邮电职业技术学院,13688,浙江,浙江省教育厅,高职(专科),4.7
宁波卫生职业技术学院,13742,浙江,浙江省教育厅,高职(专科),4.1
台州科技职业学院,13746,浙江,浙江省教育厅,高职(专科),4.3
浙江国际海运职业技术学院,13853,浙江,浙江省教育厅,高职(专科),3.3
浙江体育职业技术学院,13854,浙江,浙江省教育厅,高职(专科),4.6
温州科技职业学院,14088,浙江,浙江省教育厅,高职(专科),4.0
浙江汽车职业技术学院,14089,浙江,浙江省教育厅,高职(专科),N/A
浙江横店影视职业学院,14090,浙江,浙江省教育厅,高职(专科),3.7
同济大学浙江学院,14206,浙江,浙江省教育厅,本科,4.3
上海财经大学浙江学院,14207,浙江,浙江省教育厅,本科,4.0
浙江农业商贸职业学院,14269,浙江,浙江省教育厅,高职(专科),4.3
浙江外国语学院,14275,浙江,浙江省教育厅,本科,3.7
浙江特殊教育职业学院,14431,浙江,浙江省教育厅,高职(专科),N/A
浙江安防职业技术学院,14492,浙江,浙江省教育厅,高职(专科),3.1
浙江音乐学院,14535,浙江,浙江省教育厅,本科,N/A
西湖大学,14626,浙江,浙江省教育厅,本科,N/A
浙江宇翔职业技术学院,14703,浙江,浙江省教育厅,高职(专科),N/A
浙江金华科贸职业技术学院,14746,浙江,浙江省教育厅,高职(专科),N/A
浙江药科职业大学,16207,浙江,浙江省教育厅,本科,3.6
宁波诺丁汉大学,16301,浙江,浙江省教育厅,本科,4.7
温州肯恩大学,16405,浙江,浙江省教育厅,本科,3.7
浙江舟山群岛新区旅游与健康职业学院,16408,浙江,浙江省教育厅,高职(专科),N/A
浙江大学医学院,19335,浙江,教育部,本科,N/A
宁波幼儿师范高等专科学校,50559,浙江,浙江省教育厅,高职(专科),3.8
武警海警学院,91044,浙江,中央军委训练管理部,本科,N/A
安徽大学,10357,安徽,安徽省教育厅,本科,4.4
中国科学技术大学,10358,安徽,中国科学院,本科,4.7
合肥工业大学,10359,安徽,教育部,本科,4.4
安徽工业大学,10360,安徽,安徽省教育厅,本科,4.2
安徽理工大学,10361,安徽,安徽省教育厅,本科,4.3
安徽工程大学,10363,安徽,安徽省教育厅,本科,4.2
安徽农业大学,10364,安徽,安徽省教育厅,本科,4.3
安徽医科大学,10366,安徽,安徽省教育厅,本科,3.3
蚌埠医科大学,10367,安徽,安徽省教育厅,本科,4.2
皖南医学院,10368,安徽,安徽省教育厅,本科,4.1
安徽中医药大学,10369,安徽,安徽省教育厅,本科,3.5
安徽师范大学,10370,安徽,安徽省教育厅,本科,4.3
阜阳师范大学,10371,安徽,安徽省教育厅,本科,4.2
安庆师范大学,10372,安徽,安徽省教育厅,本科,4.1
淮北师范大学,10373,安徽,安徽省教育厅,本科,4.2
黄山学院,10375,安徽,安徽省教育厅,本科,4.3
皖西学院,10376,安徽,安徽省教育厅,本科,4.3
滁州学院,10377,安徽,安徽省教育厅,本科,4.2
安徽财经大学,10378,安徽,安徽省教育厅,本科,4.3
宿州学院,10379,安徽,安徽省教育厅,本科,4.0
巢湖学院,10380,安徽,安徽省教育厅,本科,4.0
淮南师范学院,10381,安徽,安徽省教育厅,本科,4.0
铜陵学院,10383,安徽,安徽省教育厅,本科,4.2
安徽职业技术学院,10869,安徽,安徽省教育厅,高职(专科),4.2
安徽建筑大学,10878,安徽,安徽省教育厅,本科,4.3
安徽科技学院,10879,安徽,安徽省教育厅,本科,4.4
安徽三联学院,10959,安徽,安徽省教育厅,本科,3.8
淮北职业技术学院,10963,安徽,安徽省教育厅,高职(专科),3.9
合肥大学,11059,安徽,安徽省教育厅,本科,4.1
芜湖职业技术学院,11061,安徽,安徽省教育厅,高职(专科),4.4
蚌埠学院,11305,安徽,安徽省教育厅,本科,4.0
池州学院,11306,安徽,安徽省教育厅,本科,4.0
淮南联合大学,11308,安徽,安徽省教育厅,高职(专科),4.2
安徽医学高等专科学校,11961,安徽,安徽省教育厅,高职(专科),4.3
安徽中医药高等专科学校,11968,安徽,安徽省教育厅,高职(专科),4.2
安徽商贸职业技术学院,12072,安徽,安徽省教育厅,高职(专科),4.3
安徽水利水电职业技术学院,12073,安徽,安徽省教育厅,高职(专科),4.2
阜阳职业技术学院,12074,安徽,安徽省教育厅,高职(专科),4.3
安徽新华学院,12216,安徽,安徽省教育厅,本科,4.0
铜陵职业技术学院,12217,安徽,安徽省教育厅,高职(专科),4.3
民办万博科技职业学院,12218,安徽,安徽省教育厅,高职(专科),3.6
安徽警官职业学院,12219,安徽,安徽省教育厅,高职(专科),3.8
淮南职业技术学院,12220,安徽,安徽省教育厅,高职(专科),4.0
安徽工业经济职业技术学院,12334,安徽,安徽省教育厅,高职(专科),3.9
合肥通用职业技术学院,12410,安徽,安徽省教育厅,高职(专科),3.7
安徽文达信息工程学院,12810,安徽,安徽省教育厅,本科,3.9
安徽工贸职业技术学院,12811,安徽,安徽省教育厅,高职(专科),3.8
宿州职业技术学院,12812,安徽,安徽省教育厅,高职(专科),3.9
六安职业技术学院,12813,安徽,安徽省教育厅,高职(专科),3.9
安徽电子信息职业技术学院,12814,安徽,安徽省教育厅,高职(专科),4.0
民办合肥经济技术职业学院,12815,安徽,安徽省教育厅,高职(专科),3.2
安徽交通职业技术学院,12816,安徽,安徽省教育厅,高职(专科),4.1
安徽体育运动职业技术学院,12817,安徽,安徽省教育厅,高职(专科),4.3
亳州学院,12926,安徽,安徽省教育厅,本科,4.2
合肥职业技术学院,13058,安徽,安徽省教育厅,高职(专科),4.3
滁州职业技术学院,13059,安徽,安徽省教育厅,高职(专科),4.1
池州职业技术学院,13060,安徽,安徽省教育厅,高职(专科),4.0
宣城职业技术学院,13061,安徽,安徽省教育厅,高职(专科),4.2
安徽广播影视职业技术学院,13062,安徽,安徽省教育厅,高职(专科),4.2
民办合肥滨湖职业技术学院,13064,安徽,安徽省教育厅,高职(专科),3.6
安徽外国语学院,13065,安徽,安徽省教育厅,本科,3.8
安徽电气工程职业技术学院,13336,安徽,安徽省教育厅,高职(专科),4.1
安徽冶金科技职业学院,13337,安徽,安徽省教育厅,高职(专科),4.0
安徽城市管理职业学院,13338,安徽,安徽省教育厅,高职(专科),3.8
安徽机电职业技术学院,13339,安徽,安徽省教育厅,高职(专科),4.3
安徽工商职业学院,13340,安徽,安徽省教育厅,高职(专科),4.1
安徽中澳科技职业学院,13341,安徽,安徽省教育厅,高职(专科),4.1
阜阳科技职业学院,13342,安徽,安徽省教育厅,高职(专科),3.6
亳州职业技术学院,13343,安徽,安徽省教育厅,高职(专科),4.3
安徽国防科技职业学院,13344,安徽,安徽省教育厅,高职(专科),4.4
安庆职业技术学院,13345,安徽,安徽省教育厅,高职(专科),3.9
安徽艺术职业学院,13346,安徽,安徽省教育厅,高职(专科),3.6
蚌埠工商学院,13611,安徽,安徽省教育厅,本科,3.7
合肥理工学院,13612,安徽,安徽省教育厅,本科,3.7
安徽信息工程学院,13613,安徽,安徽省教育厅,本科,4.0
马鞍山学院,13614,安徽,安徽省教育厅,本科,3.7
合肥城市学院,13615,安徽,安徽省教育厅,本科,3.8
合肥经济学院,13616,安徽,安徽省教育厅,本科,3.4
芜湖学院,13617,安徽,安徽省教育厅,本科,4.1
安徽医科大学临床医学院,13618,安徽,安徽省教育厅,本科,3.8
阜阳理工学院,13619,安徽,安徽省教育厅,本科,4.1
淮北理工学院,13620,安徽,安徽省教育厅,本科,3.9
马鞍山师范高等专科学校,13760,安徽,安徽省教育厅,高职(专科),3.9
安徽财贸职业学院,13845,安徽,安徽省教育厅,高职(专科),4.4
安徽国际商务职业学院,13846,安徽,安徽省教育厅,高职(专科),3.9
安徽公安职业学院,13847,安徽,安徽省教育厅,高职(专科),4.3
安徽林业职业技术学院,13848,安徽,安徽省教育厅,高职(专科),4.3
安徽审计职业学院,13849,安徽,安徽省教育厅,高职(专科),3.9
安徽新闻出版职业技术学院,13850,安徽,安徽省教育厅,高职(专科),4.3
安徽邮电职业技术学院,13851,安徽,安徽省教育厅,高职(专科),3.7
安徽工业职业技术学院,13852,安徽,安徽省教育厅,高职(专科),3.9
民办合肥财经职业学院,14058,安徽,安徽省教育厅,高职(专科),3.6
安庆医药高等专科学校,14096,安徽,安徽省教育厅,高职(专科),4.0
合肥师范学院,14098,安徽,安徽省教育厅,本科,4.0
安徽绿海商务职业学院,14133,安徽,安徽省教育厅,高职(专科),3.4
合肥共达职业技术学院,14135,安徽,安徽省教育厅,高职(专科),3.9
蚌埠经济技术职业学院,14137,安徽,安徽省教育厅,高职(专科),3.7
徽商职业学院,14191,安徽,安徽省教育厅,高职(专科),3.9
马鞍山职业技术学院,14192,安徽,安徽省教育厅,高职(专科),4.2
皖江工学院,14203,安徽,安徽省教育厅,本科,3.7
安徽现代信息工程职业学院,14210,安徽,安徽省教育厅,高职(专科),3.8
安徽矿业职业技术学院,14229,安徽,安徽省教育厅,高职(专科),3.5
合肥信息技术职业学院,14230,安徽,安徽省教育厅,高职(专科),2.9
桐城师范高等专科学校,14273,安徽,安徽省教育厅,高职(专科),4.0
黄山职业技术学院,14296,安徽,安徽省教育厅,高职(专科),4.0
安徽汽车职业技术学院,14298,安徽,安徽省教育厅,高职(专科),3.3
皖西卫生职业学院,14299,安徽,安徽省教育厅,高职(专科),4.0
合肥幼儿师范高等专科学校,14330,安徽,安徽省教育厅,高职(专科),4.4
安徽扬子职业技术学院,14342,安徽,安徽省教育厅,高职(专科),3.0
安徽黄梅戏艺术职业学院,14378,安徽,安徽省教育厅,高职(专科),N/A
安徽粮食工程职业学院,14418,安徽,安徽省教育厅,高职(专科),3.8
安徽卫生健康职业学院,14419,安徽,安徽省教育厅,高职(专科),4.3
合肥科技职业学院,14420,安徽,安徽省教育厅,高职(专科),3.4
皖北卫生职业学院,14502,安徽,安徽省教育厅,高职(专科),3.8
阜阳幼儿师范高等专科学校,14536,安徽,安徽省教育厅,高职(专科),4.0
安徽艺术学院,14682,安徽,安徽省教育厅,本科,N/A
黄山健康职业学院,14704,安徽,安徽省教育厅,高职(专科),N/A
宿州航空职业学院,14747,安徽,安徽省教育厅,高职(专科),N/A
芜湖医药健康职业学院,14842,安徽,安徽省教育厅,高职(专科),N/A
芜湖航空职业学院,14843,安徽,安徽省教育厅,高职(专科),N/A
蚌埠城市轨道交通职业学院,14844,安徽,安徽省教育厅,高职(专科),N/A
安徽公安学院,15999,安徽,安徽省教育厅,本科,N/A
合肥工业大学(宣城校区),19359,安徽,教育部,本科,N/A
陆军炮兵防空兵学院,91007,安徽,中央军委训练管理部,本科,N/A
厦门大学,10384,福建,教育部,本科,4.6
华侨大学,10385,福建,国务院侨务办公室,本科,4.4
福州大学,10386,福建,福建省教育厅,本科,4.3
福建理工大学,10388,福建,福建省教育厅,本科,4.1
福建农林大学,10389,福建,福建省教育厅,本科,4.3
集美大学,10390,福建,福建省教育厅,本科,4.3
福建医科大学,10392,福建,福建省教育厅,本科,4.0
福建中医药大学,10393,福建,福建省教育厅,本科,3.7
福建师范大学,10394,福建,福建省教育厅,本科,4.3
闽江学院,10395,福建,福建省教育厅,本科,4.2
武夷学院,10397,福建,福建省教育厅,本科,4.1
宁德师范学院,10398,福建,福建省教育厅,本科,3.7
泉州师范学院,10399,福建,福建省教育厅,本科,3.9
闽南师范大学,10402,福建,福建省教育厅,本科,4.2
福建船政交通职业学院,10866,福建,福建省教育厅,高职(专科),3.9
厦门理工学院,11062,福建,福建省教育厅,本科,4.1
三明学院,11311,福建,福建省教育厅,本科,4.2
龙岩学院,11312,福建,福建省教育厅,本科,4.2
福建商学院,11313,福建,福建省教育厅,本科,4.0
漳州职业技术学院,11314,福建,福建省教育厅,高职(专科),4.5
闽西职业技术学院,11315,福建,福建省教育厅,高职(专科),4.3
黎明职业大学,11317,福建,福建省教育厅,高职(专科),4.3
福建警察学院,11495,福建,福建省教育厅,本科,4.2
莆田学院,11498,福建,福建省教育厅,本科,4.2
福建华南女子职业学院,11499,福建,福建省教育厅,高职(专科),3.6
福州职业技术学院,11502,福建,福建省教育厅,高职(专科),4.1
仰恩大学,11784,福建,福建省教育厅,本科,4.5
福建林业职业技术学院,12625,福建,福建省教育厅,高职(专科),4.4
福建信息职业技术学院,12626,福建,福建省教育厅,高职(专科),3.6
福建水利电力职业技术学院,12627,福建,福建省教育厅,高职(专科),4.3
福建电力职业技术学院,12628,福建,福建省教育厅,高职(专科),3.8
厦门海洋职业技术学院,12629,福建,福建省教育厅,高职(专科),4.1
福建农业职业技术学院,12630,福建,福建省教育厅,高职(专科),3.5
厦门医学院,12631,福建,福建省教育厅,本科,4.4
福建卫生职业技术学院,12633,福建,福建省教育厅,高职(专科),4.0
泉州医学高等专科学校,12634,福建,福建省教育厅,高职(专科),4.1
福州英华职业学院,12708,福建,福建省教育厅,高职(专科),3.3
厦门华厦学院,12709,福建,福建省教育厅,本科,4.2
闽南理工学院,12710,福建,福建省教育厅,本科,3.7
泉州纺织服装职业学院,12711,福建,福建省教育厅,高职(专科),3.5
泉州华光职业学院,12927,福建,福建省教育厅,高职(专科),3.6
泉州职业技术大学,12928,福建,福建省教育厅,本科,3.5
闽南科技学院,12992,福建,福建省教育厅,本科,4.1
福州工商学院,12993,福建,福建省教育厅,本科,3.4
厦门工学院,13115,福建,福建省教育厅,本科,3.6
阳光学院,13468,福建,福建省教育厅,本科,3.5
厦门大学嘉庚学院,13469,福建,福建省教育厅,本科,4.6
福州大学至诚学院,13470,福建,福建省教育厅,本科,3.5
集美大学诚毅学院,13471,福建,福建省教育厅,本科,4.3
福建师范大学协和学院,13472,福建,福建省教育厅,本科,4.4
福州外语外贸学院,13762,福建,福建省教育厅,本科,4.6
福建江夏学院,13763,福建,福建省教育厅,本科,4.2
闽北职业技术学院,13764,福建,福建省教育厅,高职(专科),3.6
福州黎明职业技术学院,13765,福建,福建省教育厅,高职(专科),3.4
泉州信息工程学院,13766,福建,福建省教育厅,本科,4.0
厦门演艺职业学院,13767,福建,福建省教育厅,高职(专科),N/A
厦门华天涉外职业技术学院,13768,福建,福建省教育厅,高职(专科),3.7
福州科技职业技术学院,13769,福建,福建省教育厅,高职(专科),N/A
泉州经贸职业技术学院,13770,福建,福建省教育厅,高职(专科),3.8
湄洲湾职业技术学院,13772,福建,福建省教育厅,高职(专科),3.9
福州理工学院,13773,福建,福建省教育厅,本科,3.5
福建生物工程职业技术学院,13969,福建,福建省教育厅,高职(专科),3.4
福建艺术职业学院,13970,福建,福建省教育厅,高职(专科),4.0
福建幼儿师范高等专科学校,13972,福建,福建省教育厅,高职(专科),3.6
厦门城市职业学院,13973,福建,福建省教育厅,高职(专科),4.2
泉州工艺美术职业学院,13975,福建,福建省教育厅,高职(专科),3.5
三明医学科技职业学院,13976,福建,福建省教育厅,高职(专科),3.6
宁德职业技术学院,13977,福建,福建省教育厅,高职(专科),3.7
福州软件职业技术学院,13978,福建,福建省教育厅,高职(专科),3.7
厦门兴才职业技术学院,13979,福建,福建省教育厅,高职(专科),3.5
福建农林大学金山学院,14046,福建,福建省教育厅,本科,4.1
厦门软件职业技术学院,14059,福建,福建省教育厅,高职(专科),3.7
福建体育职业技术学院,14060,福建,福建省教育厅,高职(专科),4.0
漳州城市职业学院,14110,福建,福建省教育厅,高职(专科),4.1
厦门南洋职业学院,14111,福建,福建省教育厅,高职(专科),3.5
厦门东海职业技术学院,14112,福建,福建省教育厅,高职(专科),3.5
漳州科技职业学院,14113,福建,福建省教育厅,高职(专科),4.0
漳州理工职业学院,14115,福建,福建省教育厅,高职(专科),2.6
武夷山职业学院,14116,福建,福建省教育厅,高职(专科),3.4
漳州卫生职业学院,14117,福建,福建省教育厅,高职(专科),4.1
泉州海洋职业学院,14231,福建,福建省教育厅,高职(专科),3.2
泉州轻工职业学院,14232,福建,福建省教育厅,高职(专科),4.1
厦门安防科技职业学院,14257,福建,福建省教育厅,高职(专科),3.3
泉州幼儿师范高等专科学校,14331,福建,福建省教育厅,高职(专科),3.8
闽江师范高等专科学校,14490,福建,福建省教育厅,高职(专科),3.9
泉州工程职业技术学院,14503,福建,福建省教育厅,高职(专科),N/A
福建技术师范学院,14683,福建,福建省教育厅,本科,N/A
福州墨尔本理工职业学院,16411,福建,福建省教育厅,高职(专科),N/A
南昌大学,10403,江西,江西省教育厅,本科,4.2
华东交通大学,10404,江西,江西省教育厅,本科,4.3
东华理工大学,10405,江西,江西省教育厅,本科,4.1
南昌航空大学,10406,江西,江西省教育厅,本科,4.2
江西理工大学,10407,江西,江西省教育厅,本科,4.1
景德镇陶瓷大学,10408,江西,江西省教育厅,本科,4.3
江西农业大学,10410,江西,江西省教育厅,本科,4.2
江西中医药大学,10412,江西,江西省教育厅,本科,3.9
赣南医科大学,10413,江西,江西省教育厅,本科,3.7
江西师范大学,10414,江西,江西省教育厅,本科,4.3
上饶师范学院,10416,江西,江西省教育厅,本科,4.0
宜春学院,10417,江西,江西省教育厅,本科,4.1
赣南师范大学,10418,江西,江西省教育厅,本科,4.2
井冈山大学,10419,江西,江西省教育厅,本科,4.1
江西财经大学,10421,江西,江西省教育厅,本科,4.5
江西工业职业技术学院,10839,江西,江西省教育厅,高职(专科),3.3
江西科技学院,10846,江西,江西省教育厅,本科,4.0
江西医学高等专科学校,10888,江西,江西省教育厅,高职(专科),3.8
景德镇学院,10894,江西,江西省教育厅,本科,4.0
萍乡学院,10895,江西,江西省教育厅,本科,4.0
江西科技师范大学,11318,江西,江西省教育厅,本科,4.0
南昌工程学院,11319,江西,江西省教育厅,本科,4.2
江西警察学院,11504,江西,江西省教育厅,本科,4.0
九江职业大学,11505,江西,江西省教育厅,高职(专科),4.1
新余学院,11508,江西,江西省教育厅,本科,4.2
江西职业技术大学,11785,江西,江西省教育厅,本科,4.1
九江学院,11843,江西,江西省教育厅,本科,4.1
江西工程学院,12766,江西,江西省教育厅,本科,3.2
南昌理工学院,12795,江西,江西省教育厅,本科,3.7
江西司法警官职业学院,12929,江西,江西省教育厅,高职(专科),2.6
江西陶瓷工艺美术职业技术学院,12930,江西,江西省教育厅,高职(专科),3.8
江西旅游商贸职业学院,12932,江西,江西省教育厅,高职(专科),3.8
江西电力职业技术学院,12933,江西,江西省教育厅,高职(专科),3.7
江西环境工程职业学院,12934,江西,江西省教育厅,高职(专科),3.9
江西艺术职业学院,12936,江西,江西省教育厅,高职(专科),2.9
鹰潭职业技术学院,12937,江西,江西省教育厅,高职(专科),3.6
江西应用科技学院,12938,江西,江西省教育厅,本科,3.2
江西信息应用职业技术学院,12939,江西,江西省教育厅,高职(专科),3.4
江西交通职业技术学院,12940,江西,江西省教育厅,高职(专科),4.3
江西财经职业学院,12941,江西,江西省教育厅,高职(专科),4.5
江西应用技术职业学院,12942,江西,江西省教育厅,高职(专科),3.9
江西现代职业技术学院,12943,江西,江西省教育厅,高职(专科),4.1
江西工业工程职业技术学院,12944,江西,江西省教育厅,高职(专科),4.0
江西机电职业技术学院,12976,江西,江西省教育厅,高职(专科),3.0
江西服装学院,13418,江西,江西省教育厅,本科,3.9
江西科技职业学院,13419,江西,江西省教育厅,高职(专科),2.7
南昌职业大学,13420,江西,江西省教育厅,本科,3.3
南昌工学院,13421,江西,江西省教育厅,本科,3.7
江西外语外贸职业学院,13422,江西,江西省教育厅,高职(专科),4.3
江西工业贸易职业技术学院,13423,江西,江西省教育厅,高职(专科),3.5
宜春职业技术学院,13424,江西,江西省教育厅,高职(专科),3.6
江西应用工程职业学院,13425,江西,江西省教育厅,高职(专科),3.1
江西生物科技职业学院,13426,江西,江西省教育厅,高职(专科),3.7
江西建设职业技术学院,13427,江西,江西省教育厅,高职(专科),3.9
抚州职业技术学院,13428,江西,江西省教育厅,高职(专科),3.4
南昌大学科学技术学院,13429,江西,江西省教育厅,本科,3.7
南昌大学共青学院,13430,江西,江西省教育厅,本科,3.5
南昌交通学院,13431,江西,江西省教育厅,本科,3.5
赣东学院,13432,江西,江西省教育厅,本科,3.8
南昌航空大学科技学院,13433,江西,江西省教育厅,本科,3.4
赣南科技学院,13434,江西,江西省教育厅,本科,4.3
景德镇艺术职业大学,13435,江西,江西省教育厅,本科,3.6
江西农业大学南昌商学院,13436,江西,江西省教育厅,本科,4.2
南昌医学院,13437,江西,江西省教育厅,本科,N/A
江西师范大学科学技术学院,13438,江西,江西省教育厅,本科,3.8
赣南师范大学科技学院,13439,江西,江西省教育厅,本科,4.0
南昌应用技术师范学院,13440,江西,江西省教育厅,本科,3.5
江西财经大学现代经济管理学院,13441,江西,江西省教育厅,本科,4.1
豫章师范学院,13774,江西,江西省教育厅,本科,4.2
江西中医药高等专科学校,13775,江西,江西省教育厅,高职(专科),3.4
江西软件职业技术大学,13776,江西,江西省教育厅,本科,3.9
江西制造职业技术学院,13867,江西,江西省教育厅,高职(专科),3.7
江西工程职业学院,13868,江西,江西省教育厅,高职(专科),3.5
江西青年职业学院,13869,江西,江西省教育厅,高职(专科),3.0
上饶职业技术学院,13870,江西,江西省教育厅,高职(专科),3.1
江西航空职业技术学院,13871,江西,江西省教育厅,高职(专科),N/A
江西农业工程职业学院,13872,江西,江西省教育厅,高职(专科),3.5
赣西科技职业学院,13873,江西,江西省教育厅,高职(专科),2.7
江西卫生职业学院,13965,江西,江西省教育厅,高职(专科),3.4
江西新能源科技职业学院,14166,江西,江西省教育厅,高职(专科),3.1
江西枫林涉外经贸职业学院,14167,江西,江西省教育厅,高职(专科),3.0
江西泰豪动漫职业学院,14168,江西,江西省教育厅,高职(专科),N/A
江西冶金职业技术学院,14241,江西,江西省教育厅,高职(专科),3.2
江西管理职业学院,14249,江西,江西省教育厅,高职(专科),N/A
江西传媒职业学院,14250,江西,江西省教育厅,高职(专科),3.3
江西工商职业技术学院,14321,江西,江西省教育厅,高职(专科),N/A
景德镇陶瓷职业技术学院,14402,江西,江西省教育厅,高职(专科),N/A
共青科技职业学院,14403,江西,江西省教育厅,高职(专科),N/A
南昌师范学院,14437,江西,江西省教育厅,本科,3.9
赣州师范高等专科学校,14465,江西,江西省教育厅,高职(专科),3.8
江西水利职业学院,14476,江西,江西省教育厅,高职(专科),3.3
宜春幼儿师范高等专科学校,14494,江西,江西省教育厅,高职(专科),4.6
吉安职业技术学院,14504,江西,江西省教育厅,高职(专科),3.7
江西洪州职业学院,14505,江西,江西省教育厅,高职(专科),N/A
江西师范高等专科学校,14537,江西,江西省教育厅,高职(专科),3.9
南昌影视传播职业学院,14544,江西,江西省教育厅,高职(专科),N/A
赣南卫生健康职业学院,14569,江西,江西省教育厅,高职(专科),N/A
萍乡卫生职业学院,14656,江西,江西省教育厅,高职(专科),N/A
江西婺源茶业职业学院,14657,江西,江西省教育厅,高职(专科),N/A
赣州职业技术学院,14665,江西,江西省教育厅,高职(专科),N/A
南昌健康职业技术学院,14705,江西,江西省教育厅,高职(专科),N/A
九江理工职业学院,14706,江西,江西省教育厅,高职(专科),N/A
和君职业学院,14748,江西,江西省教育厅,高职(专科),N/A
吉安幼儿师范高等专科学校,14807,江西,江西省教育厅,高职(专科),N/A
上饶卫生健康职业学院,14808,江西,江西省教育厅,高职(专科),N/A
江西樟树中医药职业学院,14837,江西,江西省教育厅,高职(专科),N/A
赣东职业技术学院,14856,江西,江西省教育厅,高职(专科),N/A
上饶幼儿师范高等专科学校,15312,江西,江西省教育厅,高职(专科),N/A
抚州幼儿师范高等专科学校,15519,江西,江西省教育厅,高职(专科),N/A
江西飞行学院,51285,江西,江西省教育厅,高职(专科),4.0
陆军步兵学院,91005,江西,中央军委训练管理部,本科,N/A
山东大学,10422,山东,教育部,本科,4.5
中国海洋大学,10423,山东,教育部,本科,4.2
山东科技大学,10424,山东,山东省教育厅,本科,4.5
中国石油大学(华东),10425,山东,教育部,本科,4.4
青岛科技大学,10426,山东,山东省教育厅,本科,4.3
济南大学,10427,山东,山东省教育厅,本科,4.4
青岛理工大学,10429,山东,山东省教育厅,本科,4.2
山东建筑大学,10430,山东,山东省教育厅,本科,4.2
齐鲁工业大学,10431,山东,山东省教育厅,本科,4.4
山东理工大学,10433,山东,山东省教育厅,本科,4.5
山东农业大学,10434,山东,山东省教育厅,本科,4.4
青岛农业大学,10435,山东,山东省教育厅,本科,4.2
山东第二医科大学,10438,山东,山东省教育厅,本科,4.4
山东第一医科大学,10439,山东,山东省教育厅,本科,4.4
滨州医学院,10440,山东,山东省教育厅,本科,4.3
山东中医药大学,10441,山东,山东省教育厅,本科,4.2
山东医学高等专科学校,10442,山东,山东省教育厅,高职(专科),4.0
济宁医学院,10443,山东,山东省教育厅,本科,4.1
菏泽医学专科学校,10444,山东,山东省教育厅,高职(专科),4.4
山东师范大学,10445,山东,山东省教育厅,本科,4.2
曲阜师范大学,10446,山东,山东省教育厅,本科,4.4
聊城大学,10447,山东,山东省教育厅,本科,4.6
德州学院,10448,山东,山东省教育厅,本科,4.2
山东航空学院,10449,山东,山东省教育厅,本科,4.3
鲁东大学,10451,山东,山东省教育厅,本科,4.2
临沂大学,10452,山东,山东省教育厅,本科,4.4
泰山学院,10453,山东,山东省教育厅,本科,4.2
济宁学院,10454,山东,山东省教育厅,本科,4.2
菏泽学院,10455,山东,山东省教育厅,本科,4.1
山东财经大学,10456,山东,山东省教育厅,本科,4.4
山东体育学院,10457,山东,山东省教育厅,本科,4.4
山东艺术学院,10458,山东,山东省教育厅,本科,4.3
齐鲁医药学院,10825,山东,山东省教育厅,本科,4.2
山东商业职业技术学院,10832,山东,山东省教育厅,高职(专科),4.3
青岛滨海学院,10868,山东,山东省教育厅,本科,3.2
枣庄学院,10904,山东,山东省教育厅,本科,4.3
山东工艺美术学院,10908,山东,山东省教育厅,本科,4.5
青岛大学,11065,山东,山东省教育厅,本科,4.1
烟台大学,11066,山东,山东省教育厅,本科,4.3
潍坊学院,11067,山东,山东省教育厅,本科,4.4
山东警察学院,11324,山东,山东省教育厅,本科,4.7
山东交通学院,11510,山东,山东省教育厅,本科,4.2
山东工商学院,11688,山东,山东省教育厅,本科,4.3
山东电力高等专科学校,11827,山东,山东省教育厅,高职(专科),4.3
日照职业技术学院,12062,山东,山东省教育厅,高职(专科),4.4
曲阜远东职业技术学院,12070,山东,山东省教育厅,高职(专科),3.4
青岛职业技术学院,12324,山东,山东省教育厅,高职(专科),4.1
威海职业学院,12326,山东,山东省教育厅,高职(专科),4.1
山东职业学院,12328,山东,山东省教育厅,高职(专科),4.4
山东劳动职业技术学院,12329,山东,山东省教育厅,高职(专科),3.8
莱芜职业技术学院,12330,山东,山东省教育厅,高职(专科),3.8
山东女子学院,12331,山东,山东省教育厅,本科,4.5
烟台南山学院,12332,山东,山东省教育厅,本科,4.0
济宁职业技术学院,12335,山东,山东省教育厅,高职(专科),3.8
潍坊职业学院,12391,山东,山东省教育厅,高职(专科),3.9
烟台职业学院,12396,山东,山东省教育厅,高职(专科),4.0
东营职业学院,12440,山东,山东省教育厅,高职(专科),4.2
聊城职业技术学院,12441,山东,山东省教育厅,高职(专科),4.1
滨州职业学院,12818,山东,山东省教育厅,高职(专科),4.1
山东科技职业学院,12819,山东,山东省教育厅,高职(专科),4.2
山东服装职业学院,12841,山东,山东省教育厅,高职(专科),3.9
德州科技职业学院,12842,山东,山东省教育厅,高职(专科),2.9
潍坊科技学院,12843,山东,山东省教育厅,本科,4.0
山东力明科技职业学院,12844,山东,山东省教育厅,高职(专科),3.6
山东圣翰财贸职业学院,12945,山东,山东省教育厅,高职(专科),3.5
山东水利职业学院,12946,山东,山东省教育厅,高职(专科),4.4
山东畜牧兽医职业学院,12947,山东,山东省教育厅,高职(专科),4.4
山东英才学院,13006,山东,山东省教育厅,本科,3.7
东营科技职业学院,13007,山东,山东省教育厅,高职(专科),3.6
山东交通职业学院,13008,山东,山东省教育厅,高职(专科),4.3
淄博职业学院,13009,山东,山东省教育厅,高职(专科),4.5
山东外贸职业学院,13010,山东,山东省教育厅,高职(专科),4.5
青岛酒店管理职业技术学院,13011,山东,山东省教育厅,高职(专科),4.3
山东信息职业技术学院,13012,山东,山东省教育厅,高职(专科),3.5
青岛港湾职业技术学院,13014,山东,山东省教育厅,高职(专科),4.3
青岛恒星科技学院,13015,山东,山东省教育厅,本科,2.5
山东胜利职业学院,13316,山东,山东省教育厅,高职(专科),4.2
山东经贸职业学院,13317,山东,山东省教育厅,高职(专科),4.3
山东工业职业学院,13318,山东,山东省教育厅,高职(专科),4.0
山东化工职业学院,13319,山东,山东省教育厅,高职(专科),3.5
青岛黄海学院,13320,山东,山东省教育厅,本科,3.7
青岛求实职业技术学院,13321,山东,山东省教育厅,高职(专科),2.6
山东现代学院,13322,山东,山东省教育厅,本科,3.5
济南职业学院,13323,山东,山东省教育厅,高职(专科),4.2
山东协和学院,13324,山东,山东省教育厅,本科,3.7
烟台工程职业技术学院,13355,山东,山东省教育厅,高职(专科),3.5
山东工程职业技术大学,13356,山东,山东省教育厅,本科,3.6
烟台理工学院,13359,山东,山东省教育厅,本科,4.2
青岛城市学院,13378,山东,山东省教育厅,本科,3.8
山东财经大学燕山学院,13383,山东,山东省教育厅,本科,4.2
山东石油化工学院,13386,山东,山东省教育厅,本科,3.7
山东外国语职业技术大学,13387,山东,山东省教育厅,本科,4.3
潍坊工商职业学院,13388,山东,山东省教育厅,高职(专科),3.5
德州职业技术学院,13389,山东,山东省教育厅,高职(专科),4.1
枣庄科技职业学院,13390,山东,山东省教育厅,高职(专科),4.4
泰山科技学院,13624,山东,山东省教育厅,本科,4.0
淄博师范高等专科学校,13777,山东,山东省教育厅,高职(专科),4.4
山东中医药高等专科学校,13778,山东,山东省教育厅,高职(专科),4.2
济南工程职业技术学院,13855,山东,山东省教育厅,高职(专科),4.3
山东电子职业技术学院,13856,山东,山东省教育厅,高职(专科),4.0
山东华宇工学院,13857,山东,山东省教育厅,本科,4.0
山东旅游职业学院,13858,山东,山东省教育厅,高职(专科),4.1
山东铝业职业学院,13859,山东,山东省教育厅,高职(专科),3.4
泰山职业技术学院,13861,山东,山东省教育厅,高职(专科),4.3
山东外事职业大学,13874,山东,山东省教育厅,本科,3.8
山东药品食品职业学院,13966,山东,山东省教育厅,高职(专科),4.1
青岛工学院,13995,山东,山东省教育厅,本科,3.8
青岛农业大学海都学院,13997,山东,山东省教育厅,本科,4.4
齐鲁理工学院,13998,山东,山东省教育厅,本科,3.4
山东财经大学东方学院,13999,山东,山东省教育厅,本科,4.0
潍坊理工学院,14000,山东,山东省教育厅,本科,3.7
聊城大学东昌学院,14001,山东,山东省教育厅,本科,4.1
烟台科技学院,14002,山东,山东省教育厅,本科,4.1
山东商务职业学院,14078,山东,山东省教育厅,高职(专科),4.6
山东轻工职业学院,14079,山东,山东省教育厅,高职(专科),3.7
山东城市建设职业学院,14080,山东,山东省教育厅,高职(专科),4.0
烟台汽车工程职业学院,14081,山东,山东省教育厅,高职(专科),3.7
山东司法警官职业学院,14082,山东,山东省教育厅,高职(专科),3.9
山东政法学院,14100,山东,山东省教育厅,本科,4.3
菏泽家政职业学院,14118,山东,山东省教育厅,高职(专科),3.3
山东传媒职业学院,14193,山东,山东省教育厅,高职(专科),4.1
临沂职业学院,14195,山东,山东省教育厅,高职(专科),3.9
枣庄职业学院,14196,山东,山东省教育厅,高职(专科),3.8
山东理工职业学院,14242,山东,山东省教育厅,高职(专科),4.2
山东文化产业职业学院,14261,山东,山东省教育厅,高职(专科),3.5
齐鲁师范学院,14276,山东,山东省教育厅,本科,4.4
山东青年政治学院,14277,山东,山东省教育厅,本科,4.4
青岛远洋船员职业学院,14320,山东,山东省教育厅,高职(专科),4.1
青岛电影学院,14327,山东,山东省教育厅,本科,3.7
济南幼儿师范高等专科学校,14332,山东,山东省教育厅,高职(专科),4.3
济南护理职业学院,14343,山东,山东省教育厅,高职(专科),4.0
泰山护理职业学院,14345,山东,山东省教育厅,高职(专科),4.2
山东海事职业学院,14346,山东,山东省教育厅,高职(专科),3.0
潍坊护理职业学院,14347,山东,山东省教育厅,高职(专科),3.6
潍坊工程职业学院,14379,山东,山东省教育厅,高职(专科),4.2
山东管理学院,14438,山东,山东省教育厅,本科,4.3
山东农业工程学院,14439,山东,山东省教育厅,本科,4.4
菏泽职业学院,14477,山东,山东省教育厅,高职(专科),3.6
山东艺术设计职业学院,14506,山东,山东省教育厅,高职(专科),N/A
威海海洋职业学院,14507,山东,山东省教育厅,高职(专科),4.5
山东特殊教育职业学院,14545,山东,山东省教育厅,高职(专科),N/A
烟台黄金职业学院,14570,山东,山东省教育厅,高职(专科),3.6
日照航海工程职业学院,14605,山东,山东省教育厅,高职(专科),4.8
青岛工程职业学院,14666,山东,山东省教育厅,高职(专科),N/A
青岛幼儿师范高等专科学校,14688,山东,山东省教育厅,高职(专科),N/A
烟台幼儿师范高等专科学校,14689,山东,山东省教育厅,高职(专科),N/A
烟台文化旅游职业学院,14707,山东,山东省教育厅,高职(专科),N/A
临沂科技职业学院,14708,山东,山东省教育厅,高职(专科),N/A
青岛航空科技职业学院,14709,山东,山东省教育厅,高职(专科),N/A
潍坊环境工程职业学院,14710,山东,山东省教育厅,高职(专科),N/A
滨州科技职业学院,14749,山东,山东省教育厅,高职(专科),N/A
山东城市服务职业学院,14809,山东,山东省教育厅,高职(专科),N/A
潍坊食品科技职业学院,14810,山东,山东省教育厅,高职(专科),N/A
烟台城市科技职业学院,14811,山东,山东省教育厅,高职(专科),N/A
德州工程职业学院,14857,山东,山东省教育厅,高职(专科),N/A
日照康养职业学院,14858,山东,山东省教育厅,高职(专科),N/A
烟台卫生健康职业学院,14859,山东,山东省教育厅,高职(专科),N/A
山东文化艺术职业学院,14860,山东,山东省教育厅,高职(专科),N/A
康复大学,14878,山东,山东省教育厅,本科,N/A
北京交通大学(威海校区),19004,山东,教育部,本科,N/A
哈尔滨工业大学(威海),19213,山东,工业和信息化部,本科,4.6
山东大学威海分校,19422,山东,教育部,本科,4.5
海军潜艇学院,91018,山东,中央军委训练管理部,本科,N/A
海军航空大学,91019,山东,中央军委训练管理部,本科,N/A
华北水利水电大学,10078,河南,河南省教育厅,本科,4.2
郑州大学,10459,河南,河南省教育厅,本科,4.4
河南理工大学,10460,河南,河南省教育厅,本科,4.4
郑州轻工业大学,10462,河南,河南省教育厅,本科,4.1
河南工业大学,10463,河南,河南省教育厅,本科,4.4
河南科技大学,10464,河南,河南省教育厅,本科,4.3
中原工学院,10465,河南,河南省教育厅,本科,4.3
河南农业大学,10466,河南,河南省教育厅,本科,4.5
河南科技学院,10467,河南,河南省教育厅,本科,4.3
河南牧业经济学院,10469,河南,河南省教育厅,本科,4.3
河南中医药大学,10471,河南,河南省教育厅,本科,3.7
新乡医学院,10472,河南,河南省教育厅,本科,4.2
河南大学,10475,河南,河南省教育厅,本科,4.4
河南师范大学,10476,河南,河南省教育厅,本科,4.3
信阳师范大学,10477,河南,河南省教育厅,本科,4.3
周口师范学院,10478,河南,河南省教育厅,本科,4.4
安阳师范学院,10479,河南,河南省教育厅,本科,4.2
许昌学院,10480,河南,河南省教育厅,本科,4.4
南阳师范学院,10481,河南,河南省教育厅,本科,4.3
洛阳师范学院,10482,河南,河南省教育厅,本科,4.3
商丘师范学院,10483,河南,河南省教育厅,本科,4.3
河南财经政法大学,10484,河南,河南省教育厅,本科,4.4
郑州航空工业管理学院,10485,河南,河南省教育厅,本科,4.2
河南职业技术学院,10824,河南,河南省教育厅,高职(专科),4.0
漯河职业技术学院,10835,河南,河南省教育厅,高职(专科),3.9
三门峡职业技术学院,10842,河南,河南省教育厅,高职(专科),4.1
郑州铁路职业技术学院,10843,河南,河南省教育厅,高职(专科),4.0
黄淮学院,10918,河南,河南省教育厅,本科,4.3
平顶山学院,10919,河南,河南省教育厅,本科,4.2
郑州工程技术学院,11068,河南,河南省教育厅,本科,4.0
开封大学,11069,河南,河南省教育厅,高职(专科),4.2
洛阳理工学院,11070,河南,河南省教育厅,本科,4.3
新乡学院,11071,河南,河南省教育厅,本科,4.2
信阳农林学院,11326,河南,河南省教育厅,本科,4.3
河南工学院,11329,河南,河南省教育厅,本科,4.2
安阳工学院,11330,河南,河南省教育厅,本科,4.1
河南工程学院,11517,河南,河南省教育厅,本科,4.0
焦作大学,11522,河南,河南省教育厅,高职(专科),4.2
河南财政金融学院,11652,河南,河南省教育厅,本科,4.2
南阳理工学院,11653,河南,河南省教育厅,本科,4.2
河南城建学院,11765,河南,河南省教育厅,本科,4.3
濮阳职业技术学院,11787,河南,河南省教育厅,高职(专科),4.2
河南警察学院,11788,河南,河南省教育厅,本科,4.2
郑州电力高等专科学校,11828,河南,河南省教育厅,高职(专科),4.4
黄河科技学院,11834,河南,河南省教育厅,本科,3.7
焦作师范高等专科学校,11967,河南,河南省教育厅,高职(专科),4.3
郑州师范学院,11969,河南,河南省教育厅,本科,4.3
黄河水利职业技术学院,12058,河南,河南省教育厅,高职(专科),4.5
许昌职业技术学院,12067,河南,河南省教育厅,高职(专科),4.1
河南工业和信息化职业学院,12581,河南,河南省教育厅,高职(专科),3.6
河南水利与环境职业学院,12582,河南,河南省教育厅,高职(专科),3.4
郑州警察学院,12735,河南,公安部,本科,4.4
商丘职业技术学院,12745,河南,河南省教育厅,高职(专科),4.2
郑州科技学院,12746,河南,河南省教育厅,本科,3.7
郑州工业应用技术学院,12747,河南,河南省教育厅,本科,3.8
平顶山工业职业技术学院,12748,河南,河南省教育厅,高职(专科),4.0
周口职业技术学院,12750,河南,河南省教育厅,高职(专科),3.5
济源职业技术学院,12768,河南,河南省教育厅,高职(专科),4.2
河南司法警官职业学院,12781,河南,河南省教育厅,高职(专科),3.2
鹤壁职业技术学院,12793,河南,河南省教育厅,高职(专科),4.1
河南工业职业技术学院,12794,河南,河南省教育厅,高职(专科),4.3
郑州澍青医学高等专科学校,12948,河南,河南省教育厅,高职(专科),4.0
郑州财经学院,13497,河南,河南省教育厅,本科,3.9
黄河交通学院,13498,河南,河南省教育厅,本科,N/A
河南检察职业学院,13499,河南,河南省教育厅,高职(专科),4.4
商丘工学院,13500,河南,河南省教育厅,本科,3.6
河南开封科技传媒学院,13501,河南,河南省教育厅,本科,4.1
中原科技学院,13502,河南,河南省教育厅,本科,3.9
信阳学院,13503,河南,河南省教育厅,本科,4.1
安阳学院,13504,河南,河南省教育厅,本科,3.7
新乡医学院三全学院,13505,河南,河南省教育厅,本科,3.8
新乡工程学院,13506,河南,河南省教育厅,本科,3.8
郑州工商学院,13507,河南,河南省教育厅,本科,3.8
郑州经贸学院,13508,河南,河南省教育厅,本科,3.7
河南质量工程职业学院,13564,河南,河南省教育厅,高职(专科),3.6
郑州信息科技职业学院,13565,河南,河南省教育厅,高职(专科),3.9
漯河医学高等专科学校,13780,河南,河南省教育厅,高职(专科),4.1
南阳医学高等专科学校,13781,河南,河南省教育厅,高职(专科),4.0
商丘医学高等专科学校,13782,河南,河南省教育厅,高职(专科),4.0
郑州电子信息职业技术学院,13783,河南,河南省教育厅,高职(专科),2.5
信阳职业技术学院,13784,河南,河南省教育厅,高职(专科),3.8
嵩山少林武术职业学院,13785,河南,河南省教育厅,高职(专科),3.5
郑州工业安全职业学院,13786,河南,河南省教育厅,高职(专科),3.5
永城职业学院,13787,河南,河南省教育厅,高职(专科),4.0
河南经贸职业学院,13788,河南,河南省教育厅,高职(专科),4.0
河南交通职业技术学院,13789,河南,河南省教育厅,高职(专科),4.2
河南农业职业学院,13790,河南,河南省教育厅,高职(专科),4.1
郑州旅游职业学院,13791,河南,河南省教育厅,高职(专科),3.9
郑州职业技术学院,13792,河南,河南省教育厅,高职(专科),3.9
河南信息统计职业学院,13885,河南,河南省教育厅,高职(专科),3.6
河南林业职业学院,13889,河南,河南省教育厅,高职(专科),3.5
河南工业贸易职业学院,13936,河南,河南省教育厅,高职(专科),3.7
商丘学院,14003,河南,河南省教育厅,本科,3.7
郑州商学院,14040,河南,河南省教育厅,本科,4.1
郑州电力职业技术学院,14062,河南,河南省教育厅,高职(专科),2.9
河南科技职业大学,14169,河南,河南省教育厅,本科,2.9
河南建筑职业技术学院,14181,河南,河南省教育厅,高职(专科),4.0
漯河食品工程职业大学,14233,河南,河南省教育厅,本科,2.7
郑州城市职业学院,14235,河南,河南省教育厅,高职(专科),4.0
安阳职业技术学院,14243,河南,河南省教育厅,高职(专科),3.3
新乡职业技术学院,14245,河南,河南省教育厅,高职(专科),3.7
驻马店职业技术学院,14251,河南,河南省教育厅,高职(专科),3.9
焦作工贸职业学院,14300,河南,河南省教育厅,高职(专科),3.5
许昌陶瓷职业学院,14301,河南,河南省教育厅,高职(专科),3.0
郑州理工职业学院,14302,河南,河南省教育厅,高职(专科),3.1
郑州信息工程职业学院,14303,河南,河南省教育厅,高职(专科),2.4
长垣烹饪职业技术学院,14305,河南,河南省教育厅,高职(专科),3.8
开封文化艺术职业学院,14306,河南,河南省教育厅,高职(专科),3.5
河南应用技术职业学院,14307,河南,河南省教育厅,高职(专科),4.0
河南艺术职业学院,14308,河南,河南省教育厅,高职(专科),4.1
郑州升达经贸管理学院,14333,河南,河南省教育厅,本科,4.2
河南机电职业学院,14348,河南,河南省教育厅,高职(专科),3.5
河南护理职业学院,14349,河南,河南省教育厅,高职(专科),3.9
许昌电气职业学院,14350,河南,河南省教育厅,高职(专科),3.2
信阳涉外职业技术学院,14351,河南,河南省教育厅,高职(专科),3.4
鹤壁汽车工程职业学院,14352,河南,河南省教育厅,高职(专科),3.4
南阳职业学院,14353,河南,河南省教育厅,高职(专科),3.1
郑州商贸旅游职业学院,14380,河南,河南省教育厅,高职(专科),N/A
河南推拿职业学院,14382,河南,河南省教育厅,高职(专科),4.1
洛阳职业技术学院,14383,河南,河南省教育厅,高职(专科),4.1
郑州幼儿师范高等专科学校,14391,河南,河南省教育厅,高职(专科),4.2
安阳幼儿师范高等专科学校,14392,河南,河南省教育厅,高职(专科),4.1
郑州黄河护理职业学院,14405,河南,河南省教育厅,高职(专科),3.2
河南医学高等专科学校,14466,河南,河南省教育厅,高职(专科),4.4
郑州财税金融职业学院,14478,河南,河南省教育厅,高职(专科),4.1
南阳农业职业学院,14479,河南,河南省教育厅,高职(专科),3.5
洛阳科技职业学院,14480,河南,河南省教育厅,高职(专科),N/A
鹤壁能源化工职业学院,14529,河南,河南省教育厅,高职(专科),N/A
平顶山文化艺术职业学院,14530,河南,河南省教育厅,高职(专科),N/A
濮阳医学高等专科学校,14597,河南,河南省教育厅,高职(专科),4.3
驻马店幼儿师范高等专科学校,14598,河南,河南省教育厅,高职(专科),3.2
三门峡社会管理职业学院,14606,河南,河南省教育厅,高职(专科),N/A
河南轻工职业学院,14607,河南,河南省教育厅,高职(专科),3.5
河南测绘职业学院,14608,河南,河南省教育厅,高职(专科),3.1
信阳航空职业学院,14634,河南,河南省教育厅,高职(专科),N/A
郑州卫生健康职业学院,14635,河南,河南省教育厅,高职(专科),4.3
河南物流职业学院,14636,河南,河南省教育厅,高职(专科),3.1
河南地矿职业学院,14637,河南,河南省教育厅,高职(专科),4.2
郑州西亚斯学院,14654,河南,河南省教育厅,本科,N/A
郑州亚欧交通职业学院,14685,河南,河南省教育厅,高职(专科),N/A
河南女子职业学院,14711,河南,河南省教育厅,高职(专科),N/A
河南对外经济贸易职业学院,14712,河南,河南省教育厅,高职(专科),N/A
濮阳石油化工职业技术学院,14713,河南,河南省教育厅,高职(专科),N/A
南阳科技职业学院,14714,河南,河南省教育厅,高职(专科),N/A
兰考三农职业学院,14715,河南,河南省教育厅,高职(专科),N/A
汝州职业技术学院,14716,河南,河南省教育厅,高职(专科),N/A
林州建筑职业技术学院,14717,河南,河南省教育厅,高职(专科),N/A
郑州电子商务职业学院,14718,河南,河南省教育厅,高职(专科),N/A
郑州轨道工程职业学院,14719,河南,河南省教育厅,高职(专科),N/A
郑州体育职业学院,14720,河南,河南省教育厅,高职(专科),N/A
洛阳文化旅游职业学院,14750,河南,河南省教育厅,高职(专科),N/A
周口文理职业学院,14751,河南,河南省教育厅,高职(专科),N/A
信阳艺术职业学院,14752,河南,河南省教育厅,高职(专科),N/A
郑州城建职业学院,14753,河南,河南省教育厅,高职(专科),N/A
郑州医药健康职业学院,14754,河南,河南省教育厅,高职(专科),N/A
南阳工艺美术职业学院,14789,河南,河南省教育厅,高职(专科),N/A
濮阳科技职业学院,14790,河南,河南省教育厅,高职(专科),N/A
商丘幼儿师范高等专科学校,14791,河南,河南省教育厅,高职(专科),N/A
周口理工职业学院,14792,河南,河南省教育厅,高职(专科),N/A
焦作新材料职业学院,14793,河南,河南省教育厅,高职(专科),N/A
开封职业学院,14794,河南,河南省教育厅,高职(专科),N/A
洛阳商业职业学院,14795,河南,河南省教育厅,高职(专科),N/A
郑州软件职业技术学院,14796,河南,河南省教育厅,高职(专科),N/A
郑州智能科技职业学院,14797,河南,河南省教育厅,高职(专科),N/A
郑州食品工程职业学院,14812,河南,河南省教育厅,高职(专科),N/A
郑州汽车工程职业学院,14813,河南,河南省教育厅,高职(专科),N/A
郑州美术学院,14831,河南,河南省教育厅,本科,N/A
驻马店农业工程职业学院,14861,河南,河南省教育厅,高职(专科),N/A
信阳工程职业学院,14863,河南,河南省教育厅,高职(专科),N/A
周口城市职业学院,14864,河南,河南省教育厅,高职(专科),N/A
平顶山职业技术学院,50709,河南,河南省教育厅,高职(专科),3.5
战略支援部队信息工程大学,91037,河南,中央军委训练管理部,本科,N/A
武汉大学,10486,湖北,教育部,本科,4.6
华中科技大学,10487,湖北,教育部,本科,4.6
武汉科技大学,10488,湖北,湖北省教育厅,本科,4.2
长江大学,10489,湖北,湖北省教育厅,本科,4.2
武汉工程大学,10490,湖北,湖北省教育厅,本科,4.0
中国地质大学(武汉),10491,湖北,教育部,本科,4.5
武汉纺织大学,10495,湖北,湖北省教育厅,本科,4.0
武汉轻工大学,10496,湖北,湖北省教育厅,本科,4.3
武汉理工大学,10497,湖北,教育部,本科,4.2
湖北工业大学,10500,湖北,湖北省教育厅,本科,4.3
华中农业大学,10504,湖北,教育部,本科,4.3
湖北中医药大学,10507,湖北,湖北省教育厅,本科,3.4
华中师范大学,10511,湖北,教育部,本科,4.3
湖北大学,10512,湖北,湖北省教育厅,本科,4.1
湖北师范大学,10513,湖北,湖北省教育厅,本科,4.2
黄冈师范学院,10514,湖北,湖北省教育厅,本科,4.2
湖北民族大学,10517,湖北,湖北省教育厅,本科,4.0
汉江师范学院,10518,湖北,湖北省教育厅,本科,4.0
湖北文理学院,10519,湖北,湖北省教育厅,本科,4.2
中南财经政法大学,10520,湖北,教育部,本科,4.5
武汉体育学院,10522,湖北,湖北省教育厅,本科,4.4
湖北美术学院,10523,湖北,湖北省教育厅,本科,4.2
中南民族大学,10524,湖北,国家民族事务委员会,本科,4.4
湖北汽车工业学院,10525,湖北,湖北省教育厅,本科,4.0
湖北工程学院,10528,湖北,湖北省教育厅,本科,4.2
武汉职业技术学院,10834,湖北,湖北省教育厅,高职(专科),4.2
湖北理工学院,10920,湖北,湖北省教育厅,本科,4.1
湖北科技学院,10927,湖北,湖北省教育厅,本科,3.8
湖北医药学院,10929,湖北,湖北省教育厅,本科,4.2
黄冈职业技术学院,10955,湖北,湖北省教育厅,高职(专科),4.0
长江职业学院,10956,湖北,湖北省教育厅,高职(专科),3.7
江汉大学,11072,湖北,湖北省教育厅,本科,4.2
荆州理工职业学院,11074,湖北,湖北省教育厅,高职(专科),3.5
三峡大学,11075,湖北,湖北省教育厅,本科,4.4
湖北警官学院,11332,湖北,湖北省教育厅,本科,4.1
湖北工业职业技术学院,11334,湖北,湖北省教育厅,高职(专科),4.0
鄂州职业大学,11335,湖北,湖北省教育厅,高职(专科),3.8
荆楚理工学院,11336,湖北,湖北省教育厅,本科,3.8
武汉音乐学院,11524,湖北,湖北省教育厅,本科,4.3
湖北经济学院,11600,湖北,湖北省教育厅,本科,4.3
武汉商学院,11654,湖北,湖北省教育厅,本科,4.1
武汉城市职业学院,11796,湖北,湖北省教育厅,高职(专科),4.3
武汉东湖学院,11798,湖北,湖北省教育厅,本科,3.7
汉口学院,11800,湖北,湖北省教育厅,本科,3.5
湖北中医药高等专科学校,11965,湖北,湖北省教育厅,高职(专科),4.0
湖北职业技术学院,12051,湖北,湖北省教育厅,高职(专科),3.7
武汉船舶职业技术学院,12052,湖北,湖北省教育厅,高职(专科),3.8
武昌首义学院,12309,湖北,湖北省教育厅,本科,4.1
武昌理工学院,12310,湖北,湖北省教育厅,本科,3.9
恩施职业技术学院,12347,湖北,湖北省教育厅,高职(专科),3.8
襄阳职业技术学院,12354,湖北,湖北省教育厅,高职(专科),4.0
武汉生物工程学院,12362,湖北,湖北省教育厅,本科,4.0
武汉工贸职业学院,12369,湖北,湖北省教育厅,高职(专科),N/A
荆州职业技术学院,12737,湖北,湖北省教育厅,高职(专科),3.7
武汉工程职业技术学院,12738,湖北,湖北省教育厅,高职(专科),3.4
仙桃职业学院,12740,湖北,湖北省教育厅,高职(专科),3.8
湖北轻工职业技术学院,12744,湖北,湖北省教育厅,高职(专科),3.5
湖北交通职业技术学院,12752,湖北,湖北省教育厅,高职(专科),3.4
武汉航海职业技术学院,12952,湖北,湖北省教育厅,高职(专科),N/A
武汉铁路职业技术学院,12977,湖北,湖北省教育厅,高职(专科),4.0
武汉软件工程职业学院,12978,湖北,湖北省教育厅,高职(专科),4.2
湖北三峡职业技术学院,12979,湖北,湖北省教育厅,高职(专科),4.0
随州职业技术学院,12980,湖北,湖北省教育厅,高职(专科),3.8
武汉电力职业技术学院,12981,湖北,湖北省教育厅,高职(专科),3.6
湖北水利水电职业技术学院,12982,湖北,湖北省教育厅,高职(专科),3.9
湖北城市建设职业技术学院,12983,湖北,湖北省教育厅,高职(专科),4.0
武汉警官职业学院,12984,湖北,湖北省教育厅,高职(专科),3.2
湖北生物科技职业学院,12985,湖北,湖北省教育厅,高职(专科),3.5
湖北开放职业学院,12986,湖北,湖北省教育厅,高职(专科),N/A
武汉科技职业学院,12987,湖北,湖北省教育厅,高职(专科),N/A
武汉外语外事职业学院,12988,湖北,湖北省教育厅,高职(专科),3.4
武汉信息传播职业技术学院,12989,湖北,湖北省教育厅,高职(专科),3.3
武昌职业学院,12990,湖北,湖北省教育厅,高职(专科),3.4
武汉商贸职业学院,12991,湖北,湖北省教育厅,高职(专科),3.4
武汉晴川学院,13188,湖北,湖北省教育厅,本科,2.9
湖北大学知行学院,13234,湖北,湖北省教育厅,本科,3.6
武汉城市学院,13235,湖北,湖北省教育厅,本科,3.8
三峡大学科技学院,13236,湖北,湖北省教育厅,本科,4.0
武汉文理学院,13237,湖北,湖北省教育厅,本科,3.0
湖北工业大学工程技术学院,13238,湖北,湖北省教育厅,本科,3.9
武汉工程大学邮电与信息工程学院,13239,湖北,湖北省教育厅,本科,3.5
武汉纺织大学外经贸学院,13240,湖北,湖北省教育厅,本科,3.5
武昌工学院,13241,湖北,湖北省教育厅,本科,3.6
武汉工商学院,13242,湖北,湖北省教育厅,本科,4.0
荆州学院,13245,湖北,湖北省教育厅,本科,3.3
长江大学文理学院,13246,湖北,湖北省教育厅,本科,3.3
湖北商贸学院,13247,湖北,湖北省教育厅,本科,3.8
湖北汽车工业学院科技学院,13248,湖北,湖北省教育厅,本科,2.9
湖北医药学院药护学院,13249,湖北,湖北省教育厅,本科,4.0
湖北恩施学院,13250,湖北,湖北省教育厅,本科,3.8
湖北经济学院法商学院,13251,湖北,湖北省教育厅,本科,4.3
武汉体育学院体育科技学院,13253,湖北,湖北省教育厅,本科,3.9
湖北师范大学文理学院,13256,湖北,湖北省教育厅,本科,3.6
湖北文理学院理工学院,13257,湖北,湖北省教育厅,本科,3.2
湖北工程学院新技术学院,13258,湖北,湖北省教育厅,本科,3.9
文华学院,13262,湖北,湖北省教育厅,本科,4.0
湖北艺术职业学院,13263,湖北,湖北省教育厅,高职(专科),3.5
武汉交通职业学院,13264,湖北,湖北省教育厅,高职(专科),4.0
咸宁职业技术学院,13265,湖北,湖北省教育厅,高职(专科),4.1
长江工程职业技术学院,13266,湖北,湖北省教育厅,高职(专科),3.9
武汉学院,13634,湖北,湖北省教育厅,本科,3.8
武汉工程科技学院,13664,湖北,湖北省教育厅,本科,3.5
武汉华夏理工学院,13666,湖北,湖北省教育厅,本科,3.9
武汉传媒学院,13686,湖北,湖北省教育厅,本科,3.7
江汉艺术职业学院,13793,湖北,湖北省教育厅,高职(专科),3.8
武汉民政职业学院,13796,湖北,湖北省教育厅,高职(专科),3.2
湖北黄冈应急管理职业技术学院,13797,湖北,湖北省教育厅,高职(专科),3.9
湖北财税职业学院,13798,湖北,湖北省教育厅,高职(专科),3.9
黄冈科技职业学院,13799,湖北,湖北省教育厅,高职(专科),3.0
湖北国土资源职业学院,13800,湖北,湖北省教育厅,高职(专科),3.6
湖北生态工程职业技术学院,13801,湖北,湖北省教育厅,高职(专科),3.8
武汉设计工程学院,14035,湖北,湖北省教育厅,本科,3.9
三峡电力职业学院,14061,湖北,湖北省教育厅,高职(专科),3.6
湖北第二师范学院,14099,湖北,湖北省教育厅,本科,3.8
湖北科技职业学院,14119,湖北,湖北省教育厅,高职(专科),3.8
湖北工程职业学院,14197,湖北,湖北省教育厅,高职(专科),4.7
三峡旅游职业技术学院,14258,湖北,湖北省教育厅,高职(专科),3.5
天门职业学院,14355,湖北,湖北省教育厅,高职(专科),N/A
湖北体育职业学院,14356,湖北,湖北省教育厅,高职(专科),N/A
襄阳汽车职业技术学院,14357,湖北,湖北省教育厅,高职(专科),2.9
湖北幼儿师范高等专科学校,14467,湖北,湖北省教育厅,高职(专科),3.3
湖北铁道运输职业学院,14553,湖北,湖北省教育厅,高职(专科),N/A
武汉海事职业学院,14554,湖北,湖北省教育厅,高职(专科),N/A
长江艺术工程职业学院,14555,湖北,湖北省教育厅,高职(专科),N/A
荆门职业学院,14571,湖北,湖北省教育厅,高职(专科),3.3
武汉铁路桥梁职业学院,14590,湖北,湖北省教育厅,高职(专科),N/A
武汉光谷职业学院,14591,湖北,湖北省教育厅,高职(专科),2.7
湖北健康职业学院,14721,湖北,湖北省教育厅,高职(专科),N/A
湖北孝感美珈职业学院,14755,湖北,湖北省教育厅,高职(专科),N/A
襄阳科技职业学院,14832,湖北,湖北省教育厅,高职(专科),N/A
宜昌科技职业学院,14833,湖北,湖北省教育厅,高职(专科),N/A
荆门通用航空职业技术学院,14866,湖北,湖北省教育厅,高职(专科),N/A
海军工程大学,91016,湖北,中央军委训练管理部,本科,N/A
空军预警学院,91026,湖北,中央军委训练管理部,本科,N/A
湘潭大学,10530,湖南,湖南省教育厅,本科,4.4
吉首大学,10531,湖南,湖南省教育厅,本科,4.2
湖南大学,10532,湖南,教育部,本科,4.4
中南大学,10533,湖南,教育部,本科,4.6
湖南科技大学,10534,湖南,湖南省教育厅,本科,4.2
长沙理工大学,10536,湖南,湖南省教育厅,本科,4.2
湖南农业大学,10537,湖南,湖南省教育厅,本科,4.2
中南林业科技大学,10538,湖南,湖南省教育厅,本科,4.1
湖南中医药大学,10541,湖南,湖南省教育厅,本科,3.6
湖南师范大学,10542,湖南,湖南省教育厅,本科,4.0
湖南理工学院,10543,湖南,湖南省教育厅,本科,4.3
湘南学院,10545,湖南,湖南省教育厅,本科,3.9
衡阳师范学院,10546,湖南,湖南省教育厅,本科,3.8
邵阳学院,10547,湖南,湖南省教育厅,本科,4.0
怀化学院,10548,湖南,湖南省教育厅,本科,3.9
湖南文理学院,10549,湖南,湖南省教育厅,本科,4.1
湖南科技学院,10551,湖南,湖南省教育厅,本科,4.2
湖南人文科技学院,10553,湖南,湖南省教育厅,本科,4.0
湖南工商大学,10554,湖南,湖南省教育厅,本科,4.2
南华大学,10555,湖南,湖南省教育厅,本科,4.0
长沙医学院,10823,湖南,湖南省教育厅,本科,3.5
长沙民政职业技术学院,10827,湖南,湖南省教育厅,高职(专科),4.3
湖南工业职业技术学院,10830,湖南,湖南省教育厅,高职(专科),4.2
株洲师范高等专科学校,10836,湖南,湖南省教育厅,高职(专科),N/A
湖南信息职业技术学院,10865,湖南,湖南省教育厅,高职(专科),3.5
长沙学院,11077,湖南,湖南省教育厅,本科,4.0
湖南工程学院,11342,湖南,湖南省教育厅,本科,4.0
湖南城市学院,11527,湖南,湖南省教育厅,本科,4.1
湖南工学院,11528,湖南,湖南省教育厅,本科,3.7
湖南财政经济学院,11532,湖南,湖南省教育厅,本科,4.0
湖南警察学院,11534,湖南,湖南省教育厅,本科,3.8
湖南工业大学,11535,湖南,湖南省教育厅,本科,4.2
湖南女子学院,11538,湖南,湖南省教育厅,本科,3.8
湖南第一师范学院,12034,湖南,湖南省教育厅,本科,4.1
长沙航空职业技术学院,12055,湖南,中央军委装备发展部,高职(专科),3.8
湖南医药学院,12214,湖南,湖南省教育厅,本科,4.0
湖南大众传媒职业技术学院,12300,湖南,湖南省教育厅,高职(专科),4.1
永州职业技术学院,12301,湖南,湖南省教育厅,高职(专科),3.5
湖南铁道职业技术学院,12302,湖南,湖南省教育厅,高职(专科),3.6
湖南涉外经济学院,12303,湖南,湖南省教育厅,本科,4.1
湖南科技职业学院,12304,湖南,湖南省教育厅,高职(专科),3.2
湖南生物机电职业技术学院,12343,湖南,湖南省教育厅,高职(专科),3.8
湖南交通职业技术学院,12397,湖南,湖南省教育厅,高职(专科),4.2
湖南商务职业技术学院,12401,湖南,湖南省教育厅,高职(专科),4.3
湖南体育职业学院,12423,湖南,湖南省教育厅,高职(专科),4.1
湖南工程职业技术学院,12425,湖南,湖南省教育厅,高职(专科),4.1
保险职业学院,12596,湖南,湖南省教育厅,高职(专科),3.7
湖南外贸职业学院,12597,湖南,湖南省教育厅,高职(专科),3.4
湖南网络工程职业学院,12598,湖南,湖南省教育厅,高职(专科),3.5
湘潭大学兴湘学院,12599,湖南,湖南省教育厅,本科,4.2
邵阳职业技术学院,12600,湖南,湖南省教育厅,高职(专科),3.6
湖南司法警官职业学院,12601,湖南,湖南省教育厅,高职(专科),3.6
长沙商贸旅游职业技术学院,12603,湖南,湖南省教育厅,高职(专科),4.0
湖南工业大学科技学院,12604,湖南,湖南省教育厅,本科,3.4
湖南科技大学潇湘学院,12649,湖南,湖南省教育厅,本科,4.3
南华大学船山学院,12650,湖南,湖南省教育厅,本科,3.7
湘潭理工学院,12651,湖南,湖南省教育厅,本科,4.0
长沙工业学院,12652,湖南,湖南省教育厅,本科,3.3
湖南农业大学东方科技学院,12653,湖南,湖南省教育厅,本科,4.1
中南林业科技大学涉外学院,12656,湖南,湖南省教育厅,本科,N/A
湖南文理学院芙蓉学院,12657,湖南,湖南省教育厅,本科,4.0
湖南理工学院南湖学院,12658,湖南,湖南省教育厅,本科,4.0
衡阳师范学院南岳学院,12659,湖南,湖南省教育厅,本科,3.7
湖南工程学院应用技术学院,12660,湖南,湖南省教育厅,本科,3.6
湖南中医药大学湘杏学院,12661,湖南,湖南省教育厅,本科,N/A
张家界学院,12662,湖南,湖南省教育厅,本科,4.1
湖南环境生物职业技术学院,12739,湖南,湖南省教育厅,高职(专科),4.0
湖南邮电职业技术学院,12845,湖南,湖南省教育厅,高职(专科),3.9
湘潭医卫职业技术学院,12846,湖南,湖南省教育厅,高职(专科),3.6
郴州职业技术学院,12847,湖南,湖南省教育厅,高职(专科),4.0
娄底职业技术学院,12848,湖南,湖南省教育厅,高职(专科),3.9
张家界航空工业职业技术学院,12849,湖南,湖南省教育厅,高职(专科),3.5
长沙环境保护职业技术学院,13031,湖南,湖南省教育厅,高职(专科),4.0
湖南艺术职业学院,13032,湖南,湖南省教育厅,高职(专科),4.0
湖南机电职业技术学院,13033,湖南,湖南省教育厅,高职(专科),4.0
长沙职业技术学院,13036,湖南,湖南省教育厅,高职(专科),3.5
怀化职业技术学院,13037,湖南,湖南省教育厅,高职(专科),3.8
岳阳职业技术学院,13038,湖南,湖南省教育厅,高职(专科),4.0
常德职业技术学院,13039,湖南,湖南省教育厅,高职(专科),4.0
长沙南方职业学院,13041,湖南,湖南省教育厅,高职(专科),3.6
潇湘职业学院,13042,湖南,湖南省教育厅,高职(专科),3.4
湖南化工职业技术学院,13043,湖南,湖南省教育厅,高职(专科),3.9
湖南城建职业技术学院,13044,湖南,湖南省教育厅,高职(专科),3.6
湖南石油化工职业技术学院,13045,湖南,湖南省教育厅,高职(专科),3.6
长沙理工大学城南学院,13635,湖南,湖南省教育厅,本科,3.8
湖南中医药高等专科学校,13802,湖南,湖南省教育厅,高职(专科),3.7
湖南民族职业学院,13804,湖南,湖南省教育厅,高职(专科),3.8
湘西民族职业技术学院,13805,湖南,湖南省教育厅,高职(专科),4.1
长沙师范学院,13806,湖南,湖南省教育厅,本科,3.9
湖南财经工业职业技术学院,13807,湖南,湖南省教育厅,高职(专科),4.0
益阳职业技术学院,13808,湖南,湖南省教育厅,高职(专科),3.6
湖南应用技术学院,13809,湖南,湖南省教育厅,本科,3.6
湖南信息学院,13836,湖南,湖南省教育厅,本科,3.4
湖南工艺美术职业学院,13921,湖南,湖南省教育厅,高职(专科),4.2
湖南九嶷职业技术学院,13922,湖南,湖南省教育厅,高职(专科),3.4
湖南理工职业技术学院,13923,湖南,湖南省教育厅,高职(专科),3.8
湖南交通工程学院,13924,湖南,湖南省教育厅,本科,3.0
湖南软件职业技术大学,13925,湖南,湖南省教育厅,本科,3.5
湖南汽车工程职业大学,13937,湖南,湖南省教育厅,本科,4.1
长沙电力职业技术学院,13938,湖南,湖南省教育厅,高职(专科),4.2
湖南水利水电职业技术学院,13939,湖南,湖南省教育厅,高职(专科),3.8
湖南现代物流职业技术学院,13940,湖南,湖南省教育厅,高职(专科),3.9
湖南高速铁路职业技术学院,13941,湖南,湖南省教育厅,高职(专科),3.9
湖南铁路科技职业技术学院,13942,湖南,湖南省教育厅,高职(专科),3.9
湖南安全技术职业学院,14025,湖南,湖南省教育厅,高职(专科),3.5
湖南电气职业技术学院,14071,湖南,湖南省教育厅,高职(专科),3.5
湖南外国语职业学院,14072,湖南,湖南省教育厅,高职(专科),3.2
益阳医学高等专科学校,14097,湖南,湖南省教育厅,高职(专科),3.9
湖南都市职业学院,14121,湖南,湖南省教育厅,高职(专科),2.5
湖南电子科技职业学院,14122,湖南,湖南省教育厅,高职(专科),2.4
湖南国防工业职业技术学院,14182,湖南,湖南省教育厅,高职(专科),3.2
湖南高尔夫旅游职业学院,14309,湖南,湖南省教育厅,高职(专科),3.2
湖南工商职业学院,14310,湖南,湖南省教育厅,高职(专科),2.2
湖南三一工业职业技术学院,14322,湖南,湖南省教育厅,高职(专科),2.6
长沙卫生职业学院,14358,湖南,湖南省教育厅,高职(专科),4.1
湖南食品药品职业学院,14359,湖南,湖南省教育厅,高职(专科),3.6
湖南有色金属职业技术学院,14360,湖南,湖南省教育厅,高职(专科),3.8
湖南吉利汽车职业技术学院,14406,湖南,湖南省教育厅,高职(专科),3.0
湖南幼儿师范高等专科学校,14468,湖南,湖南省教育厅,高职(专科),3.8
湘南幼儿师范高等专科学校,14495,湖南,湖南省教育厅,高职(专科),4.0
湖南劳动人事职业学院,14508,湖南,湖南省教育厅,高职(专科),4.1
怀化师范高等专科学校,14663,湖南,湖南省教育厅,高职(专科),N/A
永州师范高等专科学校,14690,湖南,湖南省教育厅,高职(专科),N/A
衡阳幼儿师范高等专科学校,14691,湖南,湖南省教育厅,高职(专科),N/A
长沙幼儿师范高等专科学校,14692,湖南,湖南省教育厅,高职(专科),N/A
益阳师范高等专科学校,14774,湖南,湖南省教育厅,高职(专科),N/A
娄底幼儿师范高等专科学校,14775,湖南,湖南省教育厅,高职(专科),N/A
常德科技职业技术学院,14814,湖南,湖南省教育厅,高职(专科),N/A
邵阳工业职业技术学院,14815,湖南,湖南省教育厅,高职(专科),N/A
长沙轨道交通职业学院,14816,湖南,湖南省教育厅,高职(专科),N/A
长沙文创艺术职业学院,14817,湖南,湖南省教育厅,高职(专科),N/A
岳阳现代服务职业学院,14818,湖南,湖南省教育厅,高职(专科),N/A
郴州思科职业学院,14819,湖南,湖南省教育厅,高职(专科),N/A
衡阳科技职业学院,14820,湖南,湖南省教育厅,高职(专科),N/A
怀化工商职业技术学院,14867,湖南,湖南省教育厅,高职(专科),N/A
湘中幼儿师范高等专科学校,15496,湖南,湖南省教育厅,高职(专科),N/A
株洲市职工大学,50788,湖南,湖南省教育厅,高职(专科),N/A
国防科技大学,91002,湖南,中央军委训练管理部,本科,N/A
中山大学,10558,广东,教育部,本科,4.5
暨南大学,10559,广东,国务院侨务办公室,本科,4.1
汕头大学,10560,广东,广东省教育厅,本科,4.4
华南理工大学,10561,广东,教育部,本科,4.3
华南农业大学,10564,广东,广东省教育厅,本科,4.2
广东海洋大学,10566,广东,广东省教育厅,本科,4.0
广州医科大学,10570,广东,广东省教育厅,本科,3.8
广东医科大学,10571,广东,广东省教育厅,本科,4.0
广州中医药大学,10572,广东,广东省教育厅,本科,3.7
广东药科大学,10573,广东,广东省教育厅,本科,3.8
华南师范大学,10574,广东,广东省教育厅,本科,4.0
韶关学院,10576,广东,广东省教育厅,本科,4.0
惠州学院,10577,广东,广东省教育厅,本科,4.0
韩山师范学院,10578,广东,广东省教育厅,本科,3.7
岭南师范学院,10579,广东,广东省教育厅,本科,3.9
肇庆学院,10580,广东,广东省教育厅,本科,4.1
嘉应学院,10582,广东,广东省教育厅,本科,4.1
广州体育学院,10585,广东,广东省教育厅,本科,4.0
广州美术学院,10586,广东,广东省教育厅,本科,4.3
星海音乐学院,10587,广东,广东省教育厅,本科,4.5
广东技术师范大学,10588,广东,广东省教育厅,本科,3.7
深圳大学,10590,广东,广东省教育厅,本科,4.6
广东财经大学,10592,广东,广东省教育厅,本科,4.0
广东白云学院,10822,广东,广东省教育厅,本科,3.3
顺德职业技术学院,10831,广东,广东省教育厅,高职(专科),4.4
广东轻工职业技术大学,10833,广东,广东省教育厅,本科,4.1
广东交通职业技术学院,10861,广东,广东省教育厅,高职(专科),3.6
广东水利电力职业技术学院,10862,广东,广东省教育厅,高职(专科),4.1
潮汕职业技术学院,10965,广东,广东省教育厅,高职(专科),3.1
广州大学,11078,广东,广东省教育厅,本科,4.0
广州航海学院,11106,广东,广东省教育厅,本科,3.6
广东警官学院,11110,广东,广东省教育厅,本科,4.1
深圳职业技术大学,11113,广东,广东省教育厅,本科,4.5
广东南华工商职业学院,11114,广东,广东省教育厅,高职(专科),3.6
私立华联学院,11121,广东,广东省教育厅,高职(专科),3.8
仲恺农业工程学院,11347,广东,广东省教育厅,本科,3.7
五邑大学,11349,广东,广东省教育厅,本科,4.0
广东金融学院,11540,广东,广东省教育厅,本科,4.1
电子科技大学中山学院,11545,广东,广东省教育厅,本科,3.9
广东石油化工学院,11656,广东,广东省教育厅,本科,3.9
东莞理工学院,11819,广东,广东省教育厅,本科,4.1
广东工业大学,11845,广东,广东省教育厅,本科,3.9
广东外语外贸大学,11846,广东,广东省教育厅,本科,4.1
佛山大学,11847,广东,广东省教育厅,本科,3.9
广州民航职业技术学院,12040,广东,中国民用航空局,高职(专科),3.6
广州番禺职业技术学院,12046,广东,广东省教育厅,高职(专科),4.1
广东培正学院,12059,广东,广东省教育厅,本科,4.3
广东松山职业技术学院,12060,广东,广东省教育厅,高职(专科),3.7
南方医科大学,12121,广东,广东省教育厅,本科,4.1
广东农工商职业技术学院,12322,广东,广东省教育厅,高职(专科),3.7
广东新安职业技术学院,12325,广东,广东省教育厅,高职(专科),3.0
佛山职业技术学院,12327,广东,广东省教育厅,高职(专科),4.1
广东科学技术职业学院,12572,广东,广东省教育厅,高职(专科),4.2
广东食品药品职业学院,12573,广东,广东省教育厅,高职(专科),3.6
广东东软学院,12574,广东,广东省教育厅,本科,4.1
广州康大职业技术学院,12575,广东,广东省教育厅,高职(专科),3.9
珠海艺术职业学院,12576,广东,广东省教育厅,高职(专科),N/A
广东行政职业学院,12577,广东,广东省教育厅,高职(专科),3.9
广东体育职业技术学院,12578,广东,广东省教育厅,高职(专科),3.3
广州城市理工学院,12617,广东,广东省教育厅,本科,4.0
广州软件学院,12618,广东,广东省教育厅,本科,3.9
广州南方学院,12619,广东,广东省教育厅,本科,3.8
广东外语外贸大学南国商学院,12620,广东,广东省教育厅,本科,3.5
广州华商学院,12621,广东,广东省教育厅,本科,3.3
湛江科技学院,12622,广东,广东省教育厅,本科,4.1
华南农业大学珠江学院,12623,广东,广东省教育厅,本科,3.0
广州理工学院,12668,广东,广东省教育厅,本科,3.6
广东职业技术学院,12736,广东,广东省教育厅,高职(专科),3.3
广东建设职业技术学院,12741,广东,广东省教育厅,高职(专科),3.6
广东女子职业技术学院,12742,广东,广东省教育厅,高职(专科),4.4
广东机电职业技术学院,12743,广东,广东省教育厅,高职(专科),3.9
广东岭南职业技术学院,12749,广东,广东省教育厅,高职(专科),3.6
汕尾职业技术学院,12765,广东,广东省教育厅,高职(专科),3.6
罗定职业技术学院,12770,广东,广东省教育厅,高职(专科),3.9
阳江职业技术学院,12771,广东,广东省教育厅,高职(专科),3.7
河源职业技术学院,12772,广东,广东省教育厅,高职(专科),4.2
广东邮电职业技术学院,12953,广东,广东省教育厅,高职(专科),3.6
汕头职业技术学院,12954,广东,广东省教育厅,高职(专科),3.5
揭阳职业技术学院,12956,广东,广东省教育厅,高职(专科),3.5
深圳信息职业技术学院,12957,广东,广东省教育厅,高职(专科),4.4
清远职业技术学院,12958,广东,广东省教育厅,高职(专科),3.8
广东工贸职业技术学院,12959,广东,广东省教育厅,高职(专科),3.6
广东司法警官职业学院,12960,广东,广东省教育厅,高职(专科),3.3
广东亚视演艺职业学院,12961,广东,广东省教育厅,高职(专科),3.4
广东省外语艺术职业学院,12962,广东,广东省教育厅,高职(专科),3.8
广州华立学院,13656,广东,广东省教育厅,本科,2.7
广州应用科技学院,13657,广东,广东省教育厅,本科,3.5
广州商学院,13667,广东,广东省教育厅,本科,3.3
北京理工大学珠海学院,13675,广东,广东省教育厅,本科,4.1
珠海科技学院,13684,广东,广东省教育厅,本科,4.4
广东文艺职业学院,13707,广东,广东省教育厅,高职(专科),3.7
广州体育职业技术学院,13708,广东,广东省教育厅,高职(专科),4.1
广州工程技术职业学院,13709,广东,广东省教育厅,高职(专科),3.9
中山火炬职业技术学院,13710,广东,广东省教育厅,高职(专科),4.1
江门职业技术学院,13711,广东,广东省教育厅,高职(专科),3.9
茂名职业技术学院,13712,广东,广东省教育厅,高职(专科),3.8
珠海城市职业技术学院,13713,广东,广东省教育厅,高职(专科),3.9
广州工商学院,13714,广东,广东省教育厅,本科,3.5
广州涉外经济职业技术学院,13715,广东,广东省教育厅,高职(专科),3.4
广州南洋理工职业学院,13716,广东,广东省教育厅,高职(专科),3.3
广州科技职业技术大学,13717,广东,广东省教育厅,本科,3.0
惠州经济职业技术学院,13718,广东,广东省教育厅,高职(专科),3.7
广东科技学院,13719,广东,广东省教育厅,本科,3.9
广东理工学院,13720,广东,广东省教育厅,本科,3.4
广东工商职业技术大学,13721,广东,广东省教育厅,本科,3.2
肇庆医学院,13810,广东,广东省教育厅,本科,3.5
东莞城市学院,13844,广东,广东省教育厅,本科,3.7
广州新华学院,13902,广东,广东省教育厅,本科,3.7
广州现代信息工程职业技术学院,13912,广东,广东省教育厅,高职(专科),N/A
广东理工职业学院,13919,广东,广东省教育厅,高职(专科),3.5
广州华南商贸职业学院,13927,广东,广东省教育厅,高职(专科),N/A
广州华立科技职业学院,13928,广东,广东省教育厅,高职(专科),N/A
广州城市职业学院,13929,广东,广东省教育厅,高职(专科),3.7
广东工程职业技术学院,13930,广东,广东省教育厅,高职(专科),3.3
广州铁路职业技术学院,13943,广东,广东省教育厅,高职(专科),3.4
广东科贸职业学院,14063,广东,广东省教育厅,高职(专科),3.8
广州科技贸易职业学院,14065,广东,广东省教育厅,高职(专科),3.5
中山职业技术学院,14066,广东,广东省教育厅,高职(专科),4.1
广州珠江职业技术学院,14123,广东,广东省教育厅,高职(专科),3.1
广州松田职业学院,14125,广东,广东省教育厅,高职(专科),3.8
广东文理职业学院,14126,广东,广东省教育厅,高职(专科),3.6
广州城建职业学院,14136,广东,广东省教育厅,高职(专科),3.9
东莞职业技术学院,14263,广东,广东省教育厅,高职(专科),4.1
广东南方职业学院,14265,广东,广东省教育厅,高职(专科),3.4
广州华商职业学院,14266,广东,广东省教育厅,高职(专科),4.0
广州华夏职业学院,14268,广东,广东省教育厅,高职(专科),3.6
广东第二师范学院,14278,广东,广东省教育厅,本科,4.0
广东环境保护工程职业学院,14311,广东,广东省教育厅,高职(专科),3.4
南方科技大学,14325,广东,广东省教育厅,本科,4.7
广东青年职业学院,14361,广东,广东省教育厅,高职(专科),3.2
广州东华职业学院,14362,广东,广东省教育厅,高职(专科),N/A
广东创新科技职业学院,14363,广东,广东省教育厅,高职(专科),3.7
广东舞蹈戏剧职业学院,14407,广东,广东省教育厅,高职(专科),3.4
惠州卫生职业技术学院,14408,广东,广东省教育厅,高职(专科),4.5
广东信息工程职业学院,14427,广东,广东省教育厅,高职(专科),N/A
广东生态工程职业学院,14509,广东,广东省教育厅,高职(专科),3.4
惠州城市职业学院,14510,广东,广东省教育厅,高职(专科),3.4
广东碧桂园职业学院,14511,广东,广东省教育厅,高职(专科),4.3
广东茂名健康职业学院,14556,广东,广东省教育厅,高职(专科),N/A
广东酒店管理职业技术学院,14572,广东,广东省教育厅,高职(专科),N/A
广东茂名幼儿师范专科学校,14587,广东,广东省教育厅,高职(专科),3.3
广州卫生职业技术学院,14592,广东,广东省教育厅,高职(专科),3.4
惠州工程职业学院,14609,广东,广东省教育厅,高职(专科),3.7
广东江门中医药职业学院,14610,广东,广东省教育厅,高职(专科),3.5
广东茂名农林科技职业学院,14638,广东,广东省教育厅,高职(专科),3.1
深圳技术大学,14655,广东,广东省教育厅,本科,4.8
广东江门幼儿师范高等专科学校,14664,广东,广东省教育厅,高职(专科),N/A
广东财贸职业学院,14667,广东,广东省教育厅,高职(专科),3.4
广州幼儿师范高等专科学校,14756,广东,广东省教育厅,高职(专科),N/A
广东汕头幼儿师范高等专科学校,14757,广东,广东省教育厅,高职(专科),N/A
广东梅州职业技术学院,14758,广东,广东省教育厅,高职(专科),N/A
广东潮州卫生健康职业学院,14759,广东,广东省教育厅,高职(专科),N/A
广东云浮中医药职业学院,14760,广东,广东省教育厅,高职(专科),N/A
广东肇庆航空职业学院,14761,广东,广东省教育厅,高职(专科),N/A
深圳城市职业学院,14845,广东,广东省教育厅,高职(专科),N/A
香港城市大学(东莞),14851,广东,广东省教育厅,本科,N/A
深圳理工大学,14880,广东,广东省教育厅,本科,N/A
北京师范大学-香港浸会大学联合国际学院,16401,广东,广东省教育厅,本科,4.4
香港中文大学(深圳),16407,广东,广东省教育厅,本科,4.7
深圳北理莫斯科大学,16409,广东,广东省教育厅,本科,N/A
广东以色列理工学院,16410,广东,广东省教育厅,本科,4.5
香港科技大学(广州),16412,广东,广东省教育厅,本科,N/A
哈尔滨工业大学(深圳),18213,广东,工业和信息化部,本科,N/A
北京师范大学(珠海校区),19027,广东,教育部,本科,N/A
湛江幼儿师范专科学校,50853,广东,广东省教育厅,高职(专科),3.6
广西大学,10593,广西,广西壮族自治区教育厅,本科,4.0
广西科技大学,10594,广西,广西壮族自治区教育厅,本科,3.8
桂林电子科技大学,10595,广西,广西壮族自治区教育厅,本科,4.0
桂林理工大学,10596,广西,广西壮族自治区教育厅,本科,4.0
广西医科大学,10598,广西,广西壮族自治区教育厅,本科,4.0
右江民族医学院,10599,广西,广西壮族自治区教育厅,本科,4.0
广西中医药大学,10600,广西,广西壮族自治区教育厅,本科,3.5
桂林医学院,10601,广西,广西壮族自治区教育厅,本科,4.1
广西师范大学,10602,广西,广西壮族自治区教育厅,本科,4.1
南宁师范大学,10603,广西,广西壮族自治区教育厅,本科,3.8
广西民族师范学院,10604,广西,广西壮族自治区教育厅,本科,4.1
河池学院,10605,广西,广西壮族自治区教育厅,本科,4.0
玉林师范学院,10606,广西,广西壮族自治区教育厅,本科,4.1
广西艺术学院,10607,广西,广西壮族自治区教育厅,本科,4.2
广西民族大学,10608,广西,广西壮族自治区教育厅,本科,4.1
百色学院,10609,广西,广西壮族自治区教育厅,本科,3.7
广西机电职业技术学院,10867,广西,广西壮族自治区教育厅,高职(专科),4.1
广西体育高等专科学校,11350,广西,广西壮族自治区教育厅,高职(专科),3.6
梧州学院,11354,广西,广西壮族自治区教育厅,本科,3.9
南宁职业技术大学,11355,广西,广西壮族自治区教育厅,本科,4.0
广西科技师范学院,11546,广西,广西壮族自治区教育厅,本科,4.1
广西财经学院,11548,广西,广西壮族自治区教育厅,本科,4.0
南宁学院,11549,广西,广西壮族自治区教育厅,本科,4.2
北部湾大学,11607,广西,广西壮族自治区教育厅,本科,3.7
广西水利电力职业技术学院,11608,广西,广西壮族自治区教育厅,高职(专科),4.0
广西职业技术学院,11773,广西,广西壮族自治区教育厅,高职(专科),4.2
桂林师范高等专科学校,11824,广西,广西壮族自治区教育厅,高职(专科),4.1
桂林航天工业学院,11825,广西,广西壮族自治区教育厅,本科,4.0
桂林旅游学院,11837,广西,广西壮族自治区教育厅,本科,4.1
贺州学院,11838,广西,广西壮族自治区教育厅,本科,4.1
柳州职业技术大学,12104,广西,广西壮族自治区教育厅,本科,4.0
广西生态工程职业技术学院,12344,广西,广西壮族自治区教育厅,高职(专科),4.0
广西交通职业技术学院,12356,广西,广西壮族自治区教育厅,高职(专科),3.7
广西工业职业技术学院,12364,广西,广西壮族自治区教育厅,高职(专科),3.7
广西国际商务职业技术学院,12379,广西,广西壮族自治区教育厅,高职(专科),4.1
广西农业职业技术学院,12382,广西,广西壮族自治区教育厅,高职(专科),4.1
柳州铁道职业技术学院,12392,广西,广西壮族自治区教育厅,高职(专科),3.9
广西建设职业技术学院,13138,广西,广西壮族自治区教育厅,高职(专科),4.5
广西警察学院,13520,广西,广西壮族自治区教育厅,本科,4.2
广西现代职业技术学院,13522,广西,广西壮族自治区教育厅,高职(专科),3.8
北海职业学院,13523,广西,广西壮族自治区教育厅,高职(专科),3.8
北海艺术设计学院,13524,广西,广西壮族自治区教育厅,本科,4.3
桂林山水职业学院,13526,广西,广西壮族自治区教育厅,高职(专科),2.7
柳州工学院,13639,广西,广西壮族自治区教育厅,本科,3.7
广西民族大学相思湖学院,13640,广西,广西壮族自治区教育厅,本科,4.1
桂林学院,13641,广西,广西壮族自治区教育厅,本科,4.0
南宁师范大学师园学院,13642,广西,广西壮族自治区教育厅,本科,2.9
广西中医药大学赛恩斯新医药学院,13643,广西,广西壮族自治区教育厅,本科,N/A
桂林信息科技学院,13644,广西,广西壮族自治区教育厅,本科,3.2
南宁理工学院,13645,广西,广西壮族自治区教育厅,本科,3.2
广西经贸职业技术学院,13827,广西,广西壮族自治区教育厅,高职(专科),3.6
广西工商职业技术学院,13828,广西,广西壮族自治区教育厅,高职(专科),3.9
广西演艺职业学院,13829,广西,广西壮族自治区教育厅,高职(专科),N/A
广西外国语学院,13830,广西,广西壮族自治区教育厅,本科,3.6
广西电力职业技术学院,13831,广西,广西壮族自治区教育厅,高职(专科),3.8
广西城市职业大学,13920,广西,广西壮族自治区教育厅,本科,2.8
广西英华国际职业学院,14026,广西,广西壮族自治区教育厅,高职(专科),3.4
柳州城市职业学院,14067,广西,广西壮族自治区教育厅,高职(专科),3.7
百色职业学院,14068,广西,广西壮族自治区教育厅,高职(专科),3.2
广西工程职业学院,14127,广西,广西壮族自治区教育厅,高职(专科),2.3
广西理工职业技术学院,14170,广西,广西壮族自治区教育厅,高职(专科),2.9
梧州职业学院,14171,广西,广西壮族自治区教育厅,高职(专科),N/A
广西经济职业学院,14211,广西,广西壮族自治区教育厅,高职(专科),N/A
广西幼儿师范高等专科学校,14220,广西,广西壮族自治区教育厅,高职(专科),3.9
广西科技职业学院,14312,广西,广西壮族自治区教育厅,高职(专科),N/A
广西卫生职业技术学院,14313,广西,广西壮族自治区教育厅,高职(专科),3.7
广西培贤国际职业学院,14481,广西,广西壮族自治区教育厅,高职(专科),3.7
广西金融职业技术学院,14512,广西,广西壮族自治区教育厅,高职(专科),3.3
广西蓝天航空职业学院,14574,广西,广西壮族自治区教育厅,高职(专科),3.4
广西安全工程职业技术学院,14611,广西,广西壮族自治区教育厅,高职(专科),4.0
广西自然资源职业技术学院,14668,广西,广西壮族自治区教育厅,高职(专科),N/A
钦州幼儿师范高等专科学校,14693,广西,广西壮族自治区教育厅,高职(专科),N/A
梧州医学高等专科学校,14694,广西,广西壮族自治区教育厅,高职(专科),N/A
广西制造工程职业技术学院,14722,广西,广西壮族自治区教育厅,高职(专科),4.1
广西物流职业技术学院,14723,广西,广西壮族自治区教育厅,高职(专科),4.4
防城港职业技术学院,14762,广西,广西壮族自治区教育厅,高职(专科),N/A
广西信息职业技术学院,14763,广西,广西壮族自治区教育厅,高职(专科),N/A
广西农业工程职业技术学院,14764,广西,广西壮族自治区教育厅,高职(专科),N/A
北海康养职业学院,14765,广西,广西壮族自治区教育厅,高职(专科),N/A
广西质量工程职业技术学院,14821,广西,广西壮族自治区教育厅,高职(专科),N/A
桂林信息工程职业学院,14822,广西,广西壮族自治区教育厅,高职(专科),N/A
玉林职业技术学院,14868,广西,广西壮族自治区教育厅,高职(专科),N/A
桂林生命与健康职业技术学院,15035,广西,广西壮族自治区教育厅,高职(专科),N/A
广西农业职业技术大学,16205,广西,广西壮族自治区教育厅,本科,3.7
广西职业师范学院,50869,广西,广西壮族自治区教育厅,本科,3.7
广西教育学院,50870,广西,广西壮族自治区教育厅,高职(专科),3.9
崇左幼儿师范高等专科学校,51675,广西,广西壮族自治区教育厅,高职(专科),4.2
陆军特种作战学院,91009,广西,中央军委训练管理部,本科,N/A
海南大学,10589,海南,海南省教育厅,本科,3.9
海南热带海洋学院,11100,海南,海南省教育厅,本科,3.7
海南师范大学,11658,海南,海南省教育厅,本科,4.0
海南医科大学,11810,海南,海南省教育厅,本科,3.4
海南职业技术学院,11999,海南,海南省教育厅,高职(专科),3.7
海口经济学院,12308,海南,海南省教育厅,本科,3.7
三亚城市职业学院,12717,海南,海南省教育厅,高职(专科),3.4
海南软件职业技术学院,13575,海南,海南省教育厅,高职(专科),3.8
海南政法职业学院,13576,海南,海南省教育厅,高职(专科),4.2
海南外国语职业学院,13577,海南,海南省教育厅,高职(专科),3.8
琼台师范学院,13811,海南,海南省教育厅,本科,3.8
海南经贸职业技术学院,13875,海南,海南省教育厅,高职(专科),4.1
海南工商职业学院,13876,海南,海南省教育厅,高职(专科),3.9
三亚学院,13892,海南,海南省教育厅,本科,4.1
三亚航空旅游职业学院,13931,海南,海南省教育厅,高职(专科),3.6
海南科技职业大学,14172,海南,海南省教育厅,本科,3.1
三亚理工职业学院,14236,海南,海南省教育厅,高职(专科),3.3
海南体育职业技术学院,14575,海南,海南省教育厅,高职(专科),N/A
三亚中瑞酒店管理职业学院,14612,海南,海南省教育厅,高职(专科),4.7
海南健康管理职业技术学院,14639,海南,海南省教育厅,高职(专科),N/A
海南卫生健康职业学院,14724,海南,海南省教育厅,高职(专科),N/A
海南比勒费尔德应用科学大学,14829,海南,海南省教育厅,本科,N/A
海南东方新丝路职业学院,14846,海南,海南省教育厅,高职(专科),N/A
重庆大学,10611,重庆,教育部,本科,4.6
重庆邮电大学,10617,重庆,重庆市教育委员会,本科,4.2
重庆交通大学,10618,重庆,重庆市教育委员会,本科,4.1
重庆医科大学,10631,重庆,重庆市教育委员会,本科,3.8
西南大学,10635,重庆,教育部,本科,4.3
重庆师范大学,10637,重庆,重庆市教育委员会,本科,4.3
重庆文理学院,10642,重庆,重庆市教育委员会,本科,4.2
重庆三峡学院,10643,重庆,重庆市教育委员会,本科,4.0
长江师范学院,10647,重庆,重庆市教育委员会,本科,4.2
四川外国语大学,10650,重庆,重庆市教育委员会,本科,4.0
西南政法大学,10652,重庆,重庆市教育委员会,本科,4.5
四川美术学院,10655,重庆,重庆市教育委员会,本科,4.3
重庆航天职业技术学院,10870,重庆,重庆市教育委员会,高职(专科),3.3
重庆科技大学,11551,重庆,重庆市教育委员会,本科,4.0
重庆理工大学,11660,重庆,重庆市教育委员会,本科,4.2
重庆工商大学,11799,重庆,重庆市教育委员会,本科,4.2
重庆电力高等专科学校,11916,重庆,重庆市教育委员会,高职(专科),4.1
重庆工业职业技术学院,12215,重庆,重庆市教育委员会,高职(专科),3.9
重庆三峡职业学院,12605,重庆,重庆市教育委员会,高职(专科),4.0
重庆工贸职业技术学院,12606,重庆,重庆市教育委员会,高职(专科),3.8
重庆机电职业技术大学,12607,重庆,重庆市教育委员会,本科,3.4
重庆工程学院,12608,重庆,重庆市教育委员会,本科,3.7
重庆电子科技职业大学,12609,重庆,重庆市教育委员会,本科,4.1
重庆城市科技学院,12616,重庆,重庆市教育委员会,本科,3.5
重庆海联职业技术学院,12754,重庆,重庆市教育委员会,高职(专科),N/A
重庆信息技术职业学院,12755,重庆,重庆市教育委员会,高职(专科),3.3
重庆传媒职业学院,12756,重庆,重庆市教育委员会,高职(专科),3.0
重庆警察学院,12757,重庆,重庆市教育委员会,本科,4.3
重庆城市管理职业学院,12758,重庆,重庆市教育委员会,高职(专科),4.1
重庆工程职业技术学院,12759,重庆,重庆市教育委员会,高职(专科),4.2
重庆建筑科技职业学院,12820,重庆,重庆市教育委员会,高职(专科),3.3
重庆人文科技学院,13548,重庆,重庆市教育委员会,本科,3.9
重庆外语外事学院,13588,重庆,重庆市教育委员会,本科,3.6
重庆对外经贸学院,13589,重庆,重庆市教育委员会,本科,3.9
重庆财经学院,13590,重庆,重庆市教育委员会,本科,3.7
重庆工商大学派斯学院,13591,重庆,重庆市教育委员会,本科,3.1
重庆移通学院,13627,重庆,重庆市教育委员会,本科,4.0
重庆城市职业学院,13734,重庆,重庆市教育委员会,高职(专科),3.8
重庆水利电力职业技术学院,13735,重庆,重庆市教育委员会,高职(专科),3.9
重庆工商职业学院,13967,重庆,重庆市教育委员会,高职(专科),4.3
重庆应用技术职业学院,13968,重庆,重庆市教育委员会,高职(专科),3.2
重庆三峡医药高等专科学校,14008,重庆,重庆市教育委员会,高职(专科),4.1
重庆医药高等专科学校,14009,重庆,重庆市教育委员会,高职(专科),3.9
重庆青年职业技术学院,14069,重庆,重庆市教育委员会,高职(专科),3.4
重庆财经职业学院,14128,重庆,重庆市教育委员会,高职(专科),4.2
重庆科创职业学院,14173,重庆,重庆市教育委员会,高职(专科),3.7
重庆建筑工程职业学院,14183,重庆,重庆市教育委员会,高职(专科),3.4
重庆电讯职业学院,14237,重庆,重庆市教育委员会,高职(专科),3.3
重庆能源职业学院,14238,重庆,重庆市教育委员会,高职(专科),3.5
重庆商务职业学院,14246,重庆,重庆市教育委员会,高职(专科),3.8
重庆交通职业学院,14267,重庆,重庆市教育委员会,高职(专科),3.6
重庆化工职业学院,14315,重庆,重庆市教育委员会,高职(专科),3.8
重庆旅游职业学院,14316,重庆,重庆市教育委员会,高职(专科),3.6
重庆安全技术职业学院,14365,重庆,重庆市教育委员会,高职(专科),4.6
重庆公共运输职业学院,14366,重庆,重庆市教育委员会,高职(专科),4.3
重庆艺术工程职业学院,14367,重庆,重庆市教育委员会,高职(专科),3.3
重庆轻工职业学院,14368,重庆,重庆市教育委员会,高职(专科),3.5
重庆电信职业学院,14369,重庆,重庆市教育委员会,高职(专科),3.4
重庆经贸职业学院,14370,重庆,重庆市教育委员会,高职(专科),3.7
重庆第二师范学院,14388,重庆,重庆市教育委员会,本科,4.1
重庆幼儿师范高等专科学校,14428,重庆,重庆市教育委员会,高职(专科),3.6
重庆文化艺术职业学院,14482,重庆,重庆市教育委员会,高职(专科),3.8
重庆科技职业学院,14491,重庆,重庆市教育委员会,高职(专科),N/A
重庆资源与环境保护职业学院,14557,重庆,重庆市教育委员会,高职(专科),3.4
重庆护理职业学院,14576,重庆,重庆市教育委员会,高职(专科),4.2
重庆理工职业学院,14725,重庆,重庆市教育委员会,高职(专科),N/A
重庆智能工程职业学院,14726,重庆,重庆市教育委员会,高职(专科),N/A
重庆健康职业学院,14727,重庆,重庆市教育委员会,高职(专科),N/A
重庆五一职业技术学院,14776,重庆,重庆市教育委员会,高职(专科),4.1
重庆中医药学院,14830,重庆,重庆市教育委员会,本科,N/A
重庆数字产业职业技术学院,14838,重庆,重庆市教育委员会,高职(专科),N/A
重庆现代制造职业学院,14870,重庆,重庆市教育委员会,高职(专科),N/A
西南大学(荣昌校区),19635,重庆,教育部,本科,N/A
重庆工信职业学院,51759,重庆,重庆市教育委员会,高职(专科),N/A
陆军军医大学,91012,重庆,中央军委训练管理部,本科,N/A
陆军勤务学院,91014,重庆,中央军委训练管理部,本科,N/A
四川大学,10610,四川,教育部,本科,4.6
西南交通大学,10613,四川,教育部,本科,4.5
电子科技大学,10614,四川,教育部,本科,4.4
西南石油大学,10615,四川,四川省教育厅,本科,4.0
成都理工大学,10616,四川,四川省教育厅,本科,4.0
西南科技大学,10619,四川,四川省教育厅,本科,4.3
成都信息工程大学,10621,四川,四川省教育厅,本科,4.0
四川轻化工大学,10622,四川,四川省教育厅,本科,3.9
西华大学,10623,四川,四川省教育厅,本科,4.2
中国民用航空飞行学院,10624,四川,中国民用航空局,本科,3.9
四川农业大学,10626,四川,四川省教育厅,本科,4.4
西昌学院,10628,四川,四川省教育厅,本科,3.8
西南医科大学,10632,四川,四川省教育厅,本科,3.7
成都中医药大学,10633,四川,四川省教育厅,本科,3.6
川北医学院,10634,四川,四川省教育厅,本科,3.7
四川师范大学,10636,四川,四川省教育厅,本科,4.1
西华师范大学,10638,四川,四川省教育厅,本科,4.2
绵阳师范学院,10639,四川,四川省教育厅,本科,3.3
内江师范学院,10640,四川,四川省教育厅,本科,4.1
宜宾学院,10641,四川,四川省教育厅,本科,3.7
四川文理学院,10644,四川,四川省教育厅,本科,3.7
阿坝师范学院,10646,四川,四川省教育厅,本科,4.0
乐山师范学院,10649,四川,四川省教育厅,本科,3.9
西南财经大学,10651,四川,教育部,本科,4.5
成都体育学院,10653,四川,四川省教育厅,本科,4.3
四川音乐学院,10654,四川,四川省教育厅,本科,4.2
西南民族大学,10656,四川,国家民族事务委员会,本科,4.3
成都大学,11079,四川,四川省教育厅,本科,4.0
成都工业学院,11116,四川,四川省教育厅,本科,4.0
攀枝花学院,11360,四川,四川省教育厅,本科,3.9
四川旅游学院,11552,四川,四川省教育厅,本科,3.9
成都纺织高等专科学校,11553,四川,四川省教育厅,高职(专科),3.8
四川民族学院,11661,四川,四川省教育厅,本科,4.0
民办四川天一学院,11841,四川,四川省教育厅,高职(专科),3.2
四川警察学院,11937,四川,四川省教育厅,本科,3.9
成都航空职业技术学院,12064,四川,四川省教育厅,高职(专科),4.1
四川电力职业技术学院,12065,四川,四川省教育厅,高职(专科),4.2
成都职业技术学院,12635,四川,四川省教育厅,高职(专科),3.9
成都东软学院,12636,四川,四川省教育厅,本科,3.9
四川化工职业技术学院,12637,四川,四川省教育厅,高职(专科),4.0
四川水利职业技术学院,12638,四川,四川省教育厅,高职(专科),3.3
南充职业技术学院,12639,四川,四川省教育厅,高职(专科),3.8
内江职业技术学院,12640,四川,四川省教育厅,高职(专科),3.1
四川航天职业技术学院,12641,四川,四川省教育厅,高职(专科),3.2
四川邮电职业技术学院,12642,四川,四川省教育厅,高职(专科),3.8
四川机电职业技术学院,12751,四川,四川省教育厅,高职(专科),2.7
绵阳职业技术学院,12753,四川,四川省教育厅,高职(专科),4.1
四川交通职业技术学院,12761,四川,四川省教育厅,高职(专科),4.0
四川工商职业技术学院,12762,四川,四川省教育厅,高职(专科),3.9
四川工程职业技术大学,12763,四川,四川省教育厅,高职(专科),4.0
四川建筑职业技术学院,12764,四川,四川省教育厅,高职(专科),4.2
达州职业技术学院,12767,四川,四川省教育厅,高职(专科),3.2
吉利学院,12802,四川,四川省教育厅,本科,3.9
四川托普信息技术职业学院,12963,四川,四川省教育厅,高职(专科),3.3
四川国际标榜职业学院,12964,四川,四川省教育厅,高职(专科),3.6
成都农业科技职业学院,12965,四川,四川省教育厅,高职(专科),3.9
宜宾职业技术学院,12966,四川,四川省教育厅,高职(专科),3.4
泸州职业技术学院,12967,四川,四川省教育厅,高职(专科),4.0
眉山职业技术学院,12968,四川,四川省教育厅,高职(专科),3.9
成都艺术职业大学,12969,四川,四川省教育厅,本科,3.2
四川职业技术学院,12970,四川,四川省教育厅,高职(专科),4.0
乐山职业技术学院,13048,四川,四川省教育厅,高职(专科),3.7
雅安职业技术学院,13049,四川,四川省教育厅,高职(专科),3.5
电子科技大学成都学院,13665,四川,四川省教育厅,本科,2.9
成都理工大学工程技术学院,13668,四川,四川省教育厅,本科,4.0
四川传媒学院,13669,四川,四川省教育厅,本科,4.4
成都银杏酒店管理学院,13670,四川,四川省教育厅,本科,3.1
成都文理学院,13671,四川,四川省教育厅,本科,3.3
四川工商学院,13672,四川,四川省教育厅,本科,3.4
成都外国语学院,13673,四川,四川省教育厅,本科,3.5
成都医学院,13705,四川,四川省教育厅,本科,3.6
四川商务职业学院,13812,四川,四川省教育厅,高职(专科),3.2
四川司法警官职业学院,13813,四川,四川省教育厅,高职(专科),3.8
广安职业技术学院,13814,四川,四川省教育厅,高职(专科),3.7
四川信息职业技术学院,13815,四川,四川省教育厅,高职(专科),4.0
四川工业科技学院,13816,四川,四川省教育厅,本科,3.0
成都锦城学院,13903,四川,四川省教育厅,本科,4.1
四川文化传媒职业学院,14004,四川,四川省教育厅,高职(专科),N/A
四川华新现代职业学院,14005,四川,四川省教育厅,高职(专科),3.4
四川铁道职业学院,14006,四川,四川省教育厅,高职(专科),3.5
四川艺术职业学院,14007,四川,四川省教育厅,高职(专科),3.2
四川中医药高等专科学校,14010,四川,四川省教育厅,高职(专科),3.6
西南财经大学天府学院,14037,四川,四川省教育厅,本科,3.7
四川大学锦江学院,14039,四川,四川省教育厅,本科,4.0
四川文化艺术学院,14043,四川,四川省教育厅,本科,3.3
绵阳城市学院,14045,四川,四川省教育厅,本科,3.3
四川科技职业学院,14070,四川,四川省教育厅,高职(专科),2.8
四川文化产业职业学院,14086,四川,四川省教育厅,高职(专科),3.6
四川财经职业学院,14091,四川,四川省教育厅,高职(专科),4.4
四川城市职业学院,14175,四川,四川省教育厅,高职(专科),3.5
四川现代职业学院,14176,四川,四川省教育厅,高职(专科),3.3
四川幼儿师范高等专科学校,14221,四川,四川省教育厅,高职(专科),3.8
西南交通大学希望学院,14262,四川,四川省教育厅,本科,2.8
四川长江职业学院,14323,四川,四川省教育厅,高职(专科),3.3
四川三河职业学院,14386,四川,四川省教育厅,高职(专科),3.8
成都师范学院,14389,四川,四川省教育厅,本科,4.0
川北幼儿师范高等专科学校,14393,四川,四川省教育厅,高职(专科),3.4
四川卫生康复职业学院,14409,四川,四川省教育厅,高职(专科),3.8
四川电影电视学院,14410,四川,四川省教育厅,本科,3.4
四川汽车职业技术学院,14411,四川,四川省教育厅,高职(专科),N/A
巴中职业技术学院,14483,四川,四川省教育厅,高职(专科),3.0
四川希望汽车职业学院,14484,四川,四川省教育厅,高职(专科),N/A
四川电子机械职业技术学院,14485,四川,四川省教育厅,高职(专科),N/A
四川文轩职业学院,14486,四川,四川省教育厅,高职(专科),N/A
川南幼儿师范高等专科学校,14496,四川,四川省教育厅,高职(专科),3.7
四川护理职业学院,14513,四川,四川省教育厅,高职(专科),3.3
成都工业职业技术学院,14514,四川,四川省教育厅,高职(专科),3.5
四川西南航空职业学院,14515,四川,四川省教育厅,高职(专科),2.7
成都工贸职业技术学院,14547,四川,四川省教育厅,高职(专科),N/A
四川应用技术职业学院,14548,四川,四川省教育厅,高职(专科),3.0
西昌民族幼儿师范高等专科学校,14629,四川,四川省教育厅,高职(专科),N/A
眉山药科职业学院,14640,四川,四川省教育厅,高职(专科),N/A
天府新区信息职业学院,14641,四川,四川省教育厅,高职(专科),3.3
德阳城市轨道交通职业学院,14642,四川,四川省教育厅,高职(专科),N/A
德阳科贸职业学院,14643,四川,四川省教育厅,高职(专科),N/A
江阳城建职业学院,14644,四川,四川省教育厅,高职(专科),N/A
天府新区航空旅游职业学院,14645,四川,四川省教育厅,高职(专科),N/A
天府新区通用航空职业学院,14646,四川,四川省教育厅,高职(专科),N/A
阿坝职业学院,14647,四川,四川省教育厅,高职(专科),N/A
达州中医药职业学院,14669,四川,四川省教育厅,高职(专科),N/A
内江卫生与健康职业学院,14670,四川,四川省教育厅,高职(专科),N/A
南充科技职业学院,14671,四川,四川省教育厅,高职(专科),N/A
攀枝花攀西职业学院,14672,四川,四川省教育厅,高职(专科),N/A
资阳口腔职业学院,14673,四川,四川省教育厅,高职(专科),N/A
资阳环境科技职业学院,14674,四川,四川省教育厅,高职(专科),N/A
南充文化旅游职业学院,14728,四川,四川省教育厅,高职(专科),N/A
南充电影工业职业学院,14729,四川,四川省教育厅,高职(专科),N/A
绵阳飞行职业学院,14730,四川,四川省教育厅,高职(专科),N/A
德阳农业科技职业学院,14731,四川,四川省教育厅,高职(专科),N/A
泸州医疗器械职业学院,14732,四川,四川省教育厅,高职(专科),N/A
甘孜职业学院,14767,四川,四川省教育厅,高职(专科),N/A
自贡职业技术学院,14768,四川,四川省教育厅,高职(专科),N/A
遂宁能源职业学院,14834,四川,四川省教育厅,高职(专科),N/A
遂宁工程职业学院,14835,四川,四川省教育厅,高职(专科),N/A
遂宁职业学院,14836,四川,四川省教育厅,高职(专科),N/A
西昌医学高等专科学校,14871,四川,四川省教育厅,高职(专科),N/A
成都轨道交通职业学院,14872,四川,四川省教育厅,高职(专科),N/A
电子科技大学(沙河校区),19614,四川,教育部,本科,N/A
广元中核职业技术学院,50881,四川,四川省教育厅,高职(专科),N/A
四川体育职业学院,51351,四川,四川省教育厅,高职(专科),N/A
武警警官学院,91040,四川,中央军委训练管理部,本科,N/A
贵州大学,10657,贵州,贵州省教育厅,本科,4.0
贵州医科大学,10660,贵州,贵州省教育厅,本科,4.0
遵义医科大学,10661,贵州,贵州省教育厅,本科,3.9
贵州中医药大学,10662,贵州,贵州省教育厅,本科,3.8
贵州师范大学,10663,贵州,贵州省教育厅,本科,4.0
遵义师范学院,10664,贵州,贵州省教育厅,本科,4.0
铜仁学院,10665,贵州,贵州省教育厅,本科,3.7
兴义民族师范学院,10666,贵州,贵州省教育厅,本科,3.5
安顺学院,10667,贵州,贵州省教育厅,本科,3.5
贵州工程应用技术学院,10668,贵州,贵州省教育厅,本科,4.0
凯里学院,10669,贵州,贵州省教育厅,本科,4.3
黔南民族师范学院,10670,贵州,贵州省教育厅,本科,4.0
贵州财经大学,10671,贵州,贵州省教育厅,本科,3.9
贵州民族大学,10672,贵州,贵州省教育厅,本科,4.1
贵阳学院,10976,贵州,贵州省教育厅,本科,3.9
六盘水师范学院,10977,贵州,贵州省教育厅,本科,3.8
黔南民族医学高等专科学校,11663,贵州,贵州省教育厅,高职(专科),3.7
贵州商学院,11731,贵州,贵州省教育厅,本科,3.8
贵州警察学院,12107,贵州,贵州省教育厅,本科,3.9
贵州交通职业大学,12222,贵州,贵州省教育厅,本科,3.9
贵州航天职业技术学院,12223,贵州,贵州省教育厅,高职(专科),3.1
贵州电子信息职业技术学院,12336,贵州,贵州省教育厅,高职(专科),3.7
安顺职业技术学院,12821,贵州,贵州省教育厅,高职(专科),3.9
黔东南民族职业技术学院,12822,贵州,贵州省教育厅,高职(专科),4.1
黔南民族职业技术学院,12823,贵州,贵州省教育厅,高职(专科),4.2
遵义职业技术学院,12824,贵州,贵州省教育厅,高职(专科),3.7
贵州城市职业学院,12850,贵州,贵州省教育厅,高职(专科),2.7
贵州工业职业技术学院,13052,贵州,贵州省教育厅,高职(专科),3.6
六盘水职业技术学院,13054,贵州,贵州省教育厅,高职(专科),3.7
铜仁职业技术学院,13055,贵州,贵州省教育厅,高职(专科),3.9
贵州中医药大学时珍学院,13647,贵州,贵州省教育厅,本科,2.9
贵州黔南经济学院,13648,贵州,贵州省教育厅,本科,3.8
贵州黔南科技学院,13649,贵州,贵州省教育厅,本科,3.3
贵阳信息科技学院,13650,贵州,贵州省教育厅,本科,3.2
贵阳人文科技学院,13651,贵州,贵州省教育厅,本科,3.6
贵阳康养职业大学,13652,贵州,贵州省教育厅,本科,N/A
遵义医科大学医学与科技学院,13653,贵州,贵州省教育厅,本科,3.7
贵州医科大学神奇民族医药学院,13676,贵州,贵州省教育厅,本科,3.3
黔西南民族职业技术学院,13817,贵州,贵州省教育厅,高职(专科),3.7
贵州轻工职业技术学院,13818,贵州,贵州省教育厅,高职(专科),3.6
遵义医药高等专科学校,14011,贵州,贵州省教育厅,高职(专科),4.1
贵阳职业技术学院,14129,贵州,贵州省教育厅,高职(专科),3.5
毕节职业技术学院,14198,贵州,贵州省教育厅,高职(专科),3.8
贵州师范学院,14223,贵州,贵州省教育厅,本科,4.0
贵州职业技术学院,14252,贵州,贵州省教育厅,高职(专科),3.7
贵州盛华职业学院,14371,贵州,贵州省教育厅,高职(专科),4.0
贵州工商职业学院,14412,贵州,贵州省教育厅,高职(专科),3.2
贵州理工学院,14440,贵州,贵州省教育厅,本科,3.9
贵阳幼儿师范高等专科学校,14469,贵州,贵州省教育厅,高职(专科),3.9
铜仁幼儿师范高等专科学校,14470,贵州,贵州省教育厅,高职(专科),3.7
黔南民族幼儿师范高等专科学校,14497,贵州,贵州省教育厅,高职(专科),3.9
毕节医学高等专科学校,14499,贵州,贵州省教育厅,高职(专科),3.7
贵州建设职业技术学院,14516,贵州,贵州省教育厅,高职(专科),3.7
毕节幼儿师范高等专科学校,14538,贵州,贵州省教育厅,高职(专科),4.1
贵州农业职业学院,14549,贵州,贵州省教育厅,高职(专科),4.0
贵州工程职业学院,14558,贵州,贵州省教育厅,高职(专科),4.4
贵州工贸职业学院,14559,贵州,贵州省教育厅,高职(专科),3.3
贵州水利水电职业技术学院,14577,贵州,贵州省教育厅,高职(专科),3.7
贵州电子商务职业技术学院,14578,贵州,贵州省教育厅,高职(专科),3.2
贵州应用技术职业学院,14579,贵州,贵州省教育厅,高职(专科),N/A
贵州电子科技职业学院,14580,贵州,贵州省教育厅,高职(专科),3.8
贵州装备制造职业学院,14613,贵州,贵州省教育厅,高职(专科),3.7
贵州健康职业学院,14614,贵州,贵州省教育厅,高职(专科),4.4
贵州食品工程职业学院,14615,贵州,贵州省教育厅,高职(专科),N/A
贵州经贸职业技术学院,14616,贵州,贵州省教育厅,高职(专科),3.8
贵州护理职业技术学院,14617,贵州,贵州省教育厅,高职(专科),4.4
茅台学院,14625,贵州,贵州省教育厅,本科,4.5
六盘水幼儿师范高等专科学校,14630,贵州,贵州省教育厅,高职(专科),N/A
毕节工业职业技术学院,14648,贵州,贵州省教育厅,高职(专科),N/A
贵州机电职业技术学院,14733,贵州,贵州省教育厅,高职(专科),N/A
贵州财经职业学院,14734,贵州,贵州省教育厅,高职(专科),N/A
贵州民用航空职业学院,14735,贵州,贵州省教育厅,高职(专科),N/A
贵州文化旅游职业学院,14769,贵州,贵州省教育厅,高职(专科),N/A
贵州体育职业学院,14799,贵州,贵州省教育厅,高职(专科),N/A
贵州铜仁数据职业学院,14800,贵州,贵州省教育厅,高职(专科),N/A
贵州传媒职业学院,14848,贵州,贵州省教育厅,高职(专科),N/A
贵州生态能源职业学院,14849,贵州,贵州省教育厅,高职(专科),N/A
黔东南理工职业学院,14850,贵州,贵州省教育厅,高职(专科),N/A
贵州航空职业技术学院,50963,贵州,贵州省教育厅,高职(专科),N/A
云南大学,10673,云南,云南省教育厅,本科,4.3
昆明理工大学,10674,云南,云南省教育厅,本科,4.2
云南农业大学,10676,云南,云南省教育厅,本科,4.0
西南林业大学,10677,云南,云南省教育厅,本科,4.0
昆明医科大学,10678,云南,云南省教育厅,本科,3.8
大理大学,10679,云南,云南省教育厅,本科,4.1
云南中医药大学,10680,云南,云南省教育厅,本科,3.9
云南师范大学,10681,云南,云南省教育厅,本科,3.9
昭通学院,10683,云南,云南省教育厅,本科,3.9
曲靖师范学院,10684,云南,云南省教育厅,本科,3.9
普洱学院,10685,云南,云南省教育厅,本科,4.1
保山学院,10686,云南,云南省教育厅,本科,4.1
红河学院,10687,云南,云南省教育厅,本科,3.9
云南财经大学,10689,云南,云南省教育厅,本科,3.8
云南艺术学院,10690,云南,云南省教育厅,本科,3.6
云南民族大学,10691,云南,云南省教育厅,本科,3.8
玉溪师范学院,11390,云南,云南省教育厅,本科,3.8
楚雄师范学院,11391,云南,云南省教育厅,本科,3.9
云南警官学院,11392,云南,云南省教育厅,本科,4.0
昆明学院,11393,云南,云南省教育厅,本科,4.1
文山学院,11556,云南,云南省教育厅,本科,3.6
昆明冶金高等专科学校,11557,云南,云南省教育厅,高职(专科),4.2
云南国土资源职业学院,12349,云南,云南省教育厅,高职(专科),3.9
云南交通职业技术学院,12357,云南,云南省教育厅,高职(专科),3.9
昆明工业职业技术学院,12393,云南,云南省教育厅,高职(专科),N/A
云南农业职业技术学院,12555,云南,云南省教育厅,高职(专科),3.7
云南司法警官职业学院,12556,云南,云南省教育厅,高职(专科),3.2
云南文化艺术职业学院,12558,云南,云南省教育厅,高职(专科),3.3
云南体育运动职业技术学院,12559,云南,云南省教育厅,高职(专科),3.8
云南经济管理学院,12560,云南,云南省教育厅,本科,3.8
云南科技信息职业学院,12825,云南,云南省教育厅,高职(专科),2.9
西双版纳职业技术学院,12826,云南,云南省教育厅,高职(专科),3.8
昆明艺术职业学院,12851,云南,云南省教育厅,高职(专科),2.9
玉溪农业职业技术学院,12971,云南,云南省教育厅,高职(专科),3.4
云南能源职业技术学院,13136,云南,云南省教育厅,高职(专科),4.1
滇池学院,13326,云南,云南省教育厅,本科,4.0
丽江文化旅游学院,13328,云南,云南省教育厅,本科,4.0
昆明城市学院,13330,云南,云南省教育厅,本科,3.9
昆明医科大学海源学院,13332,云南,云南省教育厅,本科,N/A
昆明传媒学院,13333,云南,云南省教育厅,本科,3.4
昆明文理学院,13625,云南,云南省教育厅,本科,3.8
昆明理工大学津桥学院,13626,云南,云南省教育厅,本科,3.8
云南国防工业职业技术学院,13756,云南,云南省教育厅,高职(专科),3.5
云南机电职业技术学院,13757,云南,云南省教育厅,高职(专科),3.5
云南林业职业技术学院,13758,云南,云南省教育厅,高职(专科),3.8
云南城市建设职业学院,13759,云南,云南省教育厅,高职(专科),N/A
云南工程职业学院,13761,云南,云南省教育厅,高职(专科),N/A
云南工商学院,13909,云南,云南省教育厅,本科,3.9
曲靖医学高等专科学校,14012,云南,云南省教育厅,高职(专科),4.0
楚雄医药高等专科学校,14013,云南,云南省教育厅,高职(专科),4.4
保山中医药高等专科学校,14014,云南,云南省教育厅,高职(专科),3.8
丽江师范学院,14015,云南,云南省教育厅,本科,4.0
德宏师范高等专科学校,14016,云南,云南省教育厅,高职(专科),4.0
云南新兴职业学院,14032,云南,云南省教育厅,高职(专科),N/A
滇西科技师范学院,14092,云南,云南省教育厅,本科,4.1
云南锡业职业技术学院,14130,云南,云南省教育厅,高职(专科),N/A
云南经贸外事职业学院,14212,云南,云南省教育厅,高职(专科),3.3
云南三鑫职业技术学院,14239,云南,云南省教育厅,高职(专科),3.1
德宏职业学院,14253,云南,云南省教育厅,高职(专科),4.2
云南商务职业学院,14317,云南,云南省教育厅,高职(专科),N/A
昆明卫生职业学院,14372,云南,云南省教育厅,高职(专科),3.6
云南现代职业技术学院,14373,云南,云南省教育厅,高职(专科),N/A
云南旅游职业学院,14381,云南,云南省教育厅,高职(专科),4.2
红河卫生职业学院,14413,云南,云南省教育厅,高职(专科),4.0
云南外事外语职业学院,14415,云南,云南省教育厅,高职(专科),2.9
大理农林职业技术学院,14487,云南,云南省教育厅,高职(专科),3.4
云南财经职业学院,14550,云南,云南省教育厅,高职(专科),N/A
昆明铁道职业技术学院,14581,云南,云南省教育厅,高职(专科),3.6
昭通卫生职业学院,14582,云南,云南省教育厅,高职(专科),N/A
大理护理职业学院,14583,云南,云南省教育厅,高职(专科),N/A
云南水利水电职业学院,14584,云南,云南省教育厅,高职(专科),3.8
云南轻纺职业学院,14618,云南,云南省教育厅,高职(专科),N/A
云南特殊教育职业学院,14619,云南,云南省教育厅,高职(专科),N/A
云南工贸职业技术学院,14620,云南,云南省教育厅,高职(专科),3.7
云南交通运输职业学院,14621,云南,云南省教育厅,高职(专科),N/A
滇西应用技术大学,14623,云南,云南省教育厅,本科,3.8
昆明幼儿师范高等专科学校,14631,云南,云南省教育厅,高职(专科),N/A
云南医药健康职业学院,14649,云南,云南省教育厅,高职(专科),3.9
云南理工职业学院,14675,云南,云南省教育厅,高职(专科),N/A
曲靖职业技术学院,14676,云南,云南省教育厅,高职(专科),N/A
红河职业技术学院,14736,云南,云南省教育厅,高职(专科),N/A
玉溪职业技术学院,14782,云南,云南省教育厅,高职(专科),N/A
保山职业学院,14783,云南,云南省教育厅,高职(专科),N/A
昭通职业学院,14784,云南,云南省教育厅,高职(专科),N/A
文山职业技术学院,14801,云南,云南省教育厅,高职(专科),N/A
丽江职业技术学院,14802,云南,云南省教育厅,高职(专科),N/A
香格里拉职业学院,14803,云南,云南省教育厅,高职(专科),N/A
怒江职业技术学院,14873,云南,云南省教育厅,高职(专科),N/A
临沧职业学院,14874,云南,云南省教育厅,高职(专科),N/A
云南工业信息职业学院,14875,云南,云南省教育厅,高职(专科),N/A
西藏农牧学院,10693,西藏,西藏自治区教育厅,本科,N/A
西藏大学,10694,西藏,西藏自治区教育厅,本科,3.7
西藏民族大学,10695,西藏,西藏自治区教育厅,本科,4.2
西藏藏医药大学,10696,西藏,西藏自治区教育厅,本科,3.9
西藏警官高等专科学校,11981,西藏,西藏自治区教育厅,高职(专科),3.8
拉萨师范高等专科学校,12481,西藏,西藏自治区教育厅,高职(专科),4.1
西藏职业技术学院,14085,西藏,西藏自治区教育厅,高职(专科),3.8
西北大学,10697,陕西,陕西省教育厅,本科,4.2
西安交通大学,10698,陕西,教育部,本科,4.5
西北工业大学,10699,陕西,工业和信息化部,本科,4.5
西安理工大学,10700,陕西,陕西省教育厅,本科,4.0
西安电子科技大学,10701,陕西,教育部,本科,4.5
西安工业大学,10702,陕西,陕西省教育厅,本科,3.9
西安建筑科技大学,10703,陕西,陕西省教育厅,本科,4.2
西安科技大学,10704,陕西,陕西省教育厅,本科,4.1
西安石油大学,10705,陕西,陕西省教育厅,本科,3.9
陕西科技大学,10708,陕西,陕西省教育厅,本科,4.3
西安工程大学,10709,陕西,陕西省教育厅,本科,4.0
长安大学,10710,陕西,教育部,本科,4.5
西北农林科技大学,10712,陕西,教育部,本科,4.5
陕西中医药大学,10716,陕西,陕西省教育厅,本科,3.8
陕西师范大学,10718,陕西,教育部,本科,4.4
延安大学,10719,陕西,陕西省教育厅,本科,4.1
陕西理工大学,10720,陕西,陕西省教育厅,本科,4.1
宝鸡文理学院,10721,陕西,陕西省教育厅,本科,4.2
咸阳师范学院,10722,陕西,陕西省教育厅,本科,3.9
渭南师范学院,10723,陕西,陕西省教育厅,本科,3.9
西安外国语大学,10724,陕西,陕西省教育厅,本科,4.0
西北政法大学,10726,陕西,陕西省教育厅,本科,4.3
西安体育学院,10727,陕西,陕西省教育厅,本科,4.3
西安音乐学院,10728,陕西,陕西省教育厅,本科,4.4
西安美术学院,10729,陕西,陕西省教育厅,本科,3.8
陕西工业职业技术学院,10828,陕西,陕西省教育厅,高职(专科),4.2
杨凌职业技术学院,10966,陕西,陕西省教育厅,高职(专科),4.0
西安文理学院,11080,陕西,陕西省教育厅,本科,3.9
榆林学院,11395,陕西,陕西省教育厅,本科,4.1
商洛学院,11396,陕西,陕西省教育厅,本科,4.0
安康学院,11397,陕西,陕西省教育厅,本科,3.9
西安培华学院,11400,陕西,陕西省教育厅,本科,4.3
西安财经大学,11560,陕西,陕西省教育厅,本科,4.0
西安邮电大学,11664,陕西,陕西省教育厅,本科,4.2
西安航空学院,11736,陕西,陕西省教育厅,本科,3.5
西安电力高等专科学校,11826,陕西,陕西省教育厅,高职(专科),4.1
西安医学院,11840,陕西,陕西省教育厅,本科,4.0
陕西能源职业技术学院,12510,陕西,陕西省教育厅,高职(专科),3.6
西安欧亚学院,12712,陕西,陕西省教育厅,本科,4.3
西安外事学院,12713,陕西,陕西省教育厅,本科,4.0
西安翻译学院,12714,陕西,陕西省教育厅,本科,4.3
西京学院,12715,陕西,陕西省教育厅,本科,4.0
陕西国防工业职业技术学院,12827,陕西,陕西省教育厅,高职(专科),3.7
西安航空职业技术学院,12828,陕西,陕西省教育厅,高职(专科),3.6
陕西财经职业技术学院,12829,陕西,陕西省教育厅,高职(专科),3.7
陕西交通职业技术学院,12830,陕西,陕西省教育厅,高职(专科),3.7
陕西职业技术学院,12831,陕西,陕西省教育厅,高职(专科),3.4
西安思源学院,13121,陕西,陕西省教育厅,本科,3.8
西安高新科技职业学院,13122,陕西,陕西省教育厅,高职(专科),2.7
陕西国际商贸学院,13123,陕西,陕西省教育厅,本科,3.8
西安城市建设职业学院,13124,陕西,陕西省教育厅,高职(专科),2.8
陕西服装工程学院,13125,陕西,陕西省教育厅,本科,3.2
陕西铁路工程职业技术学院,13566,陕西,陕西省教育厅,高职(专科),4.2
宝鸡职业技术学院,13567,陕西,陕西省教育厅,高职(专科),3.8
陕西航空职业技术学院,13568,陕西,陕西省教育厅,高职(专科),3.2
西安交通工程学院,13569,陕西,陕西省教育厅,本科,N/A
陕西电子信息职业技术学院,13570,陕西,陕西省教育厅,高职(专科),N/A
西安交通大学城市学院,13677,陕西,陕西省教育厅,本科,4.1
西北大学现代学院,13678,陕西,陕西省教育厅,本科,3.8
西安建筑科技大学华清学院,13679,陕西,陕西省教育厅,本科,3.8
西安财经大学行知学院,13680,陕西,陕西省教育厅,本科,3.3
陕西科技大学镐京学院,13681,陕西,陕西省教育厅,本科,3.0
西安工商学院,13682,陕西,陕西省教育厅,本科,3.5
延安大学西安创新学院,13683,陕西,陕西省教育厅,本科,3.6
陕西邮电职业技术学院,13736,陕西,陕西省教育厅,高职(专科),3.4
西安海棠职业学院,13737,陕西,陕西省教育厅,高职(专科),3.2
西安汽车职业大学,13738,陕西,陕西省教育厅,本科,3.2
西安健康工程职业学院,13739,陕西,陕西省教育厅,高职(专科),N/A
陕西警察学院,13819,陕西,陕西省教育厅,本科,3.8
西安明德理工学院,13894,陕西,陕西省教育厅,本科,3.8
西安铁路职业技术学院,13945,陕西,陕西省教育厅,高职(专科),3.2
咸阳职业技术学院,13946,陕西,陕西省教育厅,高职(专科),4.0
西安职业技术学院,13947,陕西,陕西省教育厅,高职(专科),3.4
商洛职业技术学院,13948,陕西,陕西省教育厅,高职(专科),4.0
汉中职业技术学院,13949,陕西,陕西省教育厅,高职(专科),3.8
延安职业技术学院,13950,陕西,陕西省教育厅,高职(专科),3.6
渭南职业技术学院,13951,陕西,陕西省教育厅,高职(专科),3.5
安康职业技术学院,13952,陕西,陕西省教育厅,高职(专科),3.4
铜川职业技术学院,13953,陕西,陕西省教育厅,高职(专科),3.8
陕西青年职业学院,14028,陕西,陕西省教育厅,高职(专科),4.1
陕西工商职业学院,14029,陕西,陕西省教育厅,高职(专科),3.9
西安信息职业大学,14030,陕西,陕西省教育厅,本科,N/A
陕西旅游烹饪职业学院,14031,陕西,陕西省教育厅,高职(专科),3.2
西安理工大学高科学院,14041,陕西,陕西省教育厅,本科,N/A
西安科技大学高新学院,14042,陕西,陕西省教育厅,本科,2.9
西安医学高等专科学校,14222,陕西,陕西省教育厅,高职(专科),3.2
榆林职业技术学院,14318,陕西,陕西省教育厅,高职(专科),3.7
陕西学前师范学院,14390,陕西,陕西省教育厅,本科,3.5
陕西艺术职业学院,14488,陕西,陕西省教育厅,高职(专科),2.9
神木职业技术学院,14650,陕西,陕西省教育厅,高职(专科),N/A
宝鸡三和职业学院,14651,陕西,陕西省教育厅,高职(专科),N/A
榆林能源科技职业学院,14737,陕西,陕西省教育厅,高职(专科),N/A
宝鸡中北职业学院,14770,陕西,陕西省教育厅,高职(专科),N/A
陕西航天职工大学,50083,陕西,陕西省教育厅,高职(专科),2.9
陕西机电职业技术学院,50084,陕西,陕西省教育厅,高职(专科),3.9
西安电力机械制造公司机电学院,51009,陕西,陕西省教育厅,高职(专科),2.9
陕西省建筑工程总公司职工大学,51010,陕西,陕西省教育厅,高职(专科),3.0
陆军边海防学院,91010,陕西,中央军委训练管理部,本科,N/A
空军工程大学,91024,陕西,中央军委训练管理部,本科,3.8
空军军医大学,91030,陕西,中央军委训练管理部,本科,N/A
火箭军工程大学,91034,陕西,中央军委训练管理部,本科,N/A
武警工程大学,91039,陕西,中央军委训练管理部,本科,N/A
兰州大学,10730,甘肃,教育部,本科,4.5
兰州理工大学,10731,甘肃,甘肃省教育厅,本科,4.2
兰州交通大学,10732,甘肃,甘肃省教育厅,本科,4.1
甘肃农业大学,10733,甘肃,甘肃省教育厅,本科,4.0
甘肃中医药大学,10735,甘肃,甘肃省教育厅,本科,3.8
西北师范大学,10736,甘肃,甘肃省教育厅,本科,4.2
兰州城市学院,10737,甘肃,甘肃省教育厅,本科,3.4
陇东学院,10738,甘肃,甘肃省教育厅,本科,4.0
天水师范学院,10739,甘肃,甘肃省教育厅,本科,3.3
河西学院,10740,甘肃,甘肃省教育厅,本科,4.2
兰州财经大学,10741,甘肃,甘肃省教育厅,本科,4.0
西北民族大学,10742,甘肃,国家民族事务委员会,本科,4.2
甘肃政法大学,11406,甘肃,甘肃省教育厅,本科,3.8
甘肃民族师范学院,11561,甘肃,甘肃省教育厅,本科,4.1
兰州文理学院,11562,甘肃,甘肃省教育厅,本科,4.0
甘肃医学院,11805,甘肃,甘肃省教育厅,本科,4.1
陇南师范学院,11806,甘肃,甘肃省教育厅,本科,4.1
兰州工业学院,11807,甘肃,甘肃省教育厅,本科,4.0
定西师范高等专科学校,11808,甘肃,甘肃省教育厅,高职(专科),3.8
甘肃建筑职业技术学院,12511,甘肃,甘肃省教育厅,高职(专科),3.7
酒泉职业技术学院,12539,甘肃,甘肃省教育厅,高职(专科),3.8
兰州外语职业学院,12832,甘肃,甘肃省教育厅,高职(专科),3.0
兰州职业技术学院,12833,甘肃,甘肃省教育厅,高职(专科),3.6
甘肃警察学院,12834,甘肃,甘肃省教育厅,本科,3.9
甘肃林业职业技术大学,12835,甘肃,甘肃省教育厅,本科,3.9
甘肃工业职业技术学院,12836,甘肃,甘肃省教育厅,高职(专科),3.7
兰州工商学院,13511,甘肃,甘肃省教育厅,本科,3.7
兰州博文科技学院,13514,甘肃,甘肃省教育厅,本科,N/A
兰州信息科技学院,13515,甘肃,甘肃省教育厅,本科,3.7
武威职业学院,13518,甘肃,甘肃省教育厅,高职(专科),3.6
甘肃交通职业技术学院,13519,甘肃,甘肃省教育厅,高职(专科),3.4
甘肃农业职业技术学院,13954,甘肃,甘肃省教育厅,高职(专科),3.8
甘肃畜牧工程职业技术学院,13955,甘肃,甘肃省教育厅,高职(专科),3.6
甘肃钢铁职业技术学院,14131,甘肃,甘肃省教育厅,高职(专科),N/A
甘肃机电职业技术学院,14319,甘肃,甘肃省教育厅,高职(专科),3.4
甘肃有色冶金职业技术学院,14375,甘肃,甘肃省教育厅,高职(专科),3.5
白银矿冶职业技术学院,14376,甘肃,甘肃省教育厅,高职(专科),3.8
甘肃卫生职业学院,14517,甘肃,甘肃省教育厅,高职(专科),3.6
兰州科技职业学院,14518,甘肃,甘肃省教育厅,高职(专科),N/A
庆阳职业技术学院,14551,甘肃,甘肃省教育厅,高职(专科),3.6
临夏现代职业学院,14552,甘肃,甘肃省教育厅,高职(专科),3.2
兰州现代职业学院,14594,甘肃,甘肃省教育厅,高职(专科),3.6
平凉职业技术学院,14595,甘肃,甘肃省教育厅,高职(专科),3.5
培黎职业学院,14738,甘肃,甘肃省教育厅,高职(专科),N/A
白银希望职业技术学院,14772,甘肃,甘肃省教育厅,高职(专科),N/A
定西职业技术学院,14823,甘肃,甘肃省教育厅,高职(专科),N/A
兰州资源环境职业技术大学,16208,甘肃,甘肃省教育厅,本科,N/A
兰州石化职业技术大学,16209,甘肃,甘肃省教育厅,本科,N/A
兰州航空职业技术学院,51038,甘肃,甘肃省教育厅,高职(专科),N/A
甘肃财贸职业学院,51378,甘肃,甘肃省教育厅,高职(专科),3.5
青海大学,10743,青海,青海省教育厅,本科,3.8
青海师范大学,10746,青海,青海省教育厅,本科,3.5
青海民族大学,10748,青海,青海省教育厅,本科,3.7
青海卫生职业技术学院,12562,青海,青海省教育厅,高职(专科),3.7
青海警官职业学院,12852,青海,青海省教育厅,高职(专科),3.9
青海农牧科技职业学院,12972,青海,青海省教育厅,高职(专科),3.6
青海职业技术大学,12973,青海,青海省教育厅,本科,3.6
青海建筑职业技术学院,12974,青海,青海省教育厅,高职(专科),3.9
青海大学昆仑学院,13674,青海,青海省教育厅,本科,3.2
西宁城市职业技术学院,14519,青海,青海省教育厅,高职(专科),3.5
青海高等职业技术学院,14520,青海,青海省教育厅,高职(专科),3.9
青海柴达木职业技术学院,14521,青海,青海省教育厅,高职(专科),3.8
宁夏大学,10749,宁夏,宁夏回族自治区教育厅,本科,4.0
宁夏医科大学,10752,宁夏,宁夏回族自治区教育厅,本科,4.0
宁夏师范大学,10753,宁夏,宁夏回族自治区教育厅,本科,4.1
北方民族大学,11407,宁夏,国家民族事务委员会,本科,4.3
宁夏理工学院,12544,宁夏,宁夏回族自治区教育厅,本科,3.7
宁夏民族职业技术学院,12716,宁夏,宁夏回族自治区教育厅,高职(专科),3.8
宁夏工业职业学院,12837,宁夏,宁夏回族自治区教育厅,高职(专科),3.4
宁夏职业技术学院,13086,宁夏,宁夏回族自治区教育厅,高职(专科),3.7
宁夏工商职业技术学院,13087,宁夏,宁夏回族自治区教育厅,高职(专科),3.8
宁夏财经职业技术学院,13088,宁夏,宁夏回族自治区教育厅,高职(专科),3.5
宁夏警官职业学院,13089,宁夏,宁夏回族自治区教育厅,高职(专科),3.8
宁夏建设职业技术学院,13151,宁夏,宁夏回族自治区教育厅,高职(专科),3.8
宁夏大学新华学院,13325,宁夏,宁夏回族自治区教育厅,本科,3.3
银川能源学院,13820,宁夏,宁夏回族自治区教育厅,本科,3.5
银川科技学院,14200,宁夏,宁夏回族自治区教育厅,本科,3.5
宁夏葡萄酒与防沙治沙职业技术学院,14377,宁夏,宁夏回族自治区教育厅,高职(专科),3.8
宁夏幼儿师范高等专科学校,14498,宁夏,宁夏回族自治区教育厅,高职(专科),4.3
宁夏艺术职业学院,14522,宁夏,宁夏回族自治区教育厅,高职(专科),N/A
宁夏体育职业学院,14624,宁夏,宁夏回族自治区教育厅,高职(专科),N/A
石嘴山工贸职业技术学院,14739,宁夏,宁夏回族自治区教育厅,高职(专科),N/A
宁夏卫生健康职业技术学院,14804,宁夏,宁夏回族自治区教育厅,高职(专科),N/A
宁夏交通职业技术学院,14847,宁夏,宁夏回族自治区教育厅,高职(专科),N/A
新疆大学,10755,新疆,新疆维吾尔自治区教育厅,本科,3.8
塔里木大学,10757,新疆,新疆生产建设兵团,本科,4.3
新疆农业大学,10758,新疆,新疆维吾尔自治区教育厅,本科,4.0
石河子大学,10759,新疆,新疆生产建设兵团,本科,4.2
新疆医科大学,10760,新疆,新疆维吾尔自治区教育厅,本科,3.8
新疆师范大学,10762,新疆,新疆维吾尔自治区教育厅,本科,4.0
喀什大学,10763,新疆,新疆维吾尔自治区教育厅,本科,4.1
伊犁师范大学,10764,新疆,新疆维吾尔自治区教育厅,本科,4.0
新疆和田学院,10765,新疆,新疆维吾尔自治区教育厅,本科,3.8
新疆财经大学,10766,新疆,新疆维吾尔自治区教育厅,本科,4.0
新疆艺术学院,10768,新疆,新疆维吾尔自治区教育厅,本科,3.7
新疆工程学院,10994,新疆,新疆维吾尔自治区教育厅,本科,3.7
新疆农业职业技术大学,10995,新疆,新疆维吾尔自治区教育厅,本科,3.9
昌吉学院,10997,新疆,新疆维吾尔自治区教育厅,本科,4.0
乌鲁木齐职业大学,11565,新疆,新疆维吾尔自治区教育厅,高职(专科),3.8
新疆维吾尔医学专科学校,11818,新疆,新疆维吾尔自治区教育厅,高职(专科),3.8
克拉玛依职业技术学院,12482,新疆,新疆维吾尔自治区教育厅,高职(专科),4.1
新疆轻工职业技术学院,12514,新疆,新疆维吾尔自治区教育厅,高职(专科),3.8
新疆能源职业技术学院,12570,新疆,新疆维吾尔自治区教育厅,高职(专科),3.3
新疆警察学院,12734,新疆,新疆维吾尔自治区教育厅,本科,4.0
昌吉职业技术学院,12838,新疆,新疆维吾尔自治区教育厅,高职(专科),3.3
伊犁职业技术学院,12975,新疆,新疆维吾尔自治区教育厅,高职(专科),3.7
阿克苏职业技术学院,13093,新疆,新疆维吾尔自治区教育厅,高职(专科),4.0
巴音郭楞职业技术学院,13094,新疆,新疆维吾尔自治区教育厅,高职(专科),3.4
新疆理工学院,13558,新疆,新疆维吾尔自治区教育厅,本科,3.8
新疆第二医学院,13560,新疆,新疆维吾尔自治区教育厅,本科,3.0
新疆科技学院,13561,新疆,新疆维吾尔自治区教育厅,本科,4.0
新疆建设职业技术学院,13562,新疆,新疆维吾尔自治区教育厅,高职(专科),3.5
新疆政法学院,13628,新疆,新疆生产建设兵团,本科,3.8
新疆现代职业技术学院,13726,新疆,新疆维吾尔自治区教育厅,高职(专科),3.2
新疆天山职业技术大学,13727,新疆,新疆维吾尔自治区教育厅,本科,4.0
新疆交通职业技术学院,13926,新疆,新疆维吾尔自治区教育厅,高职(专科),4.0
新疆石河子职业技术学院,13956,新疆,新疆生产建设兵团,高职(专科),N/A
新疆职业大学,14138,新疆,新疆维吾尔自治区教育厅,高职(专科),3.7
新疆体育职业技术学院,14416,新疆,新疆维吾尔自治区教育厅,高职(专科),N/A
新疆应用职业技术学院,14417,新疆,新疆维吾尔自治区教育厅,高职(专科),3.7
新疆师范高等专科学校,14421,新疆,新疆维吾尔自治区教育厅,高职(专科),4.0
新疆铁道职业技术学院,14489,新疆,新疆维吾尔自治区教育厅,高职(专科),3.0
新疆生产建设兵团兴新职业技术学院,14523,新疆,新疆生产建设兵团,高职(专科),3.4
哈密职业技术学院,14524,新疆,新疆维吾尔自治区教育厅,高职(专科),N/A
新疆科技职业技术学院,14525,新疆,新疆维吾尔自治区教育厅,高职(专科),N/A
吐鲁番职业技术学院,14585,新疆,新疆维吾尔自治区教育厅,高职(专科),4.5
博尔塔拉职业技术学院,14622,新疆,新疆维吾尔自治区教育厅,高职(专科),4.6
和田职业技术学院,14652,新疆,新疆维吾尔自治区教育厅,高职(专科),N/A
铁门关职业技术学院,14660,新疆,新疆生产建设兵团,高职(专科),N/A
石河子工程职业技术学院,14661,新疆,新疆生产建设兵团,高职(专科),N/A
喀什职业技术学院,14677,新疆,新疆维吾尔自治区教育厅,高职(专科),N/A
克孜勒苏职业技术学院,14678,新疆,新疆维吾尔自治区教育厅,高职(专科),N/A
新疆科信职业技术学院,14679,新疆,新疆维吾尔自治区教育厅,高职(专科),N/A
阿勒泰职业技术学院,14680,新疆,新疆维吾尔自治区教育厅,高职(专科),N/A
塔城职业技术学院,14740,新疆,新疆维吾尔自治区教育厅,高职(专科),N/A
塔里木职业技术学院,14741,新疆,新疆生产建设兵团,高职(专科),N/A
新疆司法警官职业学院,14805,新疆,新疆维吾尔自治区教育厅,高职(专科),N/A
阿克苏工业职业技术学院,14806,新疆,新疆维吾尔自治区教育厅,高职(专科),N/A
喀什理工职业技术学院,14824,新疆,新疆维吾尔自治区教育厅,高职(专科),N/A
图木舒克职业技术学院,14825,新疆,新疆生产建设兵团,高职(专科),N/A
可克达拉职业技术学院,14826,新疆,新疆生产建设兵团,高职(专科),N/A
新星职业技术学院,14827,新疆,新疆生产建设兵团,高职(专科),N/A
昆玉职业技术学院,14828,新疆,新疆生产建设兵团,高职(专科),N/A
乌鲁木齐职业技术学院,14876,新疆,新疆维吾尔自治区教育厅,高职(专科),N/A
双河职业技术学院,14877,新疆,新疆生产建设兵团,高职(专科),N/A
中国石油大学(北京)克拉玛依校区,19414,新疆,教育部,本科,N/A
新疆工业职业技术学院,51060,新疆,新疆维吾尔自治区教育厅,高职(专科),3.9
上海公安学院,10283,上海,上海市教育委员会,本科,3.9
滁州城市职业学院,14297,安徽,安徽省教育厅,高职(专科),4.1
